Ep No.,Name,Type,Date
1,I'm Luffy! The Man Who's Gonna Be King of the Pirates!,Manga Canon,1999-10-20
2,Enter the Great Swordsman! Pirate Hunter Roronoa Zoro!,Manga Canon,1999-11-17
3,Morgan vs. Luffy! Who's the Mysterious Pretty Girl?,Manga Canon,1999-11-24
4,Luffy's Past! Enter Red-Haired Shanks!,Manga Canon,1999-12-08
5,"A Terrifying Mysterious Power! Captain Buggy, the Clown Pirate!",Manga Canon,1999-12-15
6,Desperate Situation! Beast Tamer Mohji vs. Luffy!,Manga Canon,1999-12-29
7,Epic Showdown! Swordsman Zoro vs. Acrobat Cabaji!,Manga Canon,1999-12-29
8,Who Is the Victor? Devil Fruit Power Showdown!,Manga Canon,1999-12-29
9,The Honorable Liar? Captain Usopp!,Manga Canon,2000-01-12
10,The Weirdest Guy Ever! Jango the Hypnotist!,Manga Canon,2000-01-19
11,"Expose the Plot! Pirate Butler, Captain Kuro!",Manga Canon,2000-01-26
12,Clash With the Black Cat Pirates! The Great Battle on the Slope!,Manga Canon,2000-02-02
13,The Terrifying Duo! Meowban Brothers vs. Zoro!,Manga Canon,2000-02-09
14,Luffy Back in Action! Miss Kaya's Desperate Resistance!,Manga Canon,2000-02-16
15,Beat Kuro! Usopp the Man's Tearful Resolve!,Manga Canon,2000-02-23
16,Protect Kaya! The Usopp Pirates' Great Efforts!,Manga Canon,2000-03-01
17,Anger Explosion! Kuro vs. Luffy! How It Ends!,Manga Canon,2000-03-08
18,You're the Weird Creature! Gaimon and His Strange Friends!,Manga Canon,2000-03-15
19,The Three-Sword Style's Past! Zoro and Kuina's Vow!,Manga Canon,2000-03-22
20,Famous Cook! Sanji of the Sea Restaurant!,Manga Canon,2000-04-12
21,Unwelcome Customer! Sanji's Food and Ghin's Debt!,Manga Canon,2000-04-12
22,The Strongest Pirate Fleet! Commodore Don Krieg!,Manga Canon,2000-04-26
23,"Protect Baratie! The Great Pirate, Red Foot Zeff!",Manga Canon,2000-05-03
24,Hawk-Eye Mihawk! The Great Swordsman Zoro Falls at Sea!,Manga Canon,2000-05-10
25,The Deadly Foot Technique Bursts Forth! Sanji vs. the Invincible Pearl!,Manga Canon,2000-05-17
26,Zeff and Sanji's Dream! The Illusory All Blue!,Manga Canon,2000-05-24
27,"Cool-Headed, Cold-Hearted Demon! Pirate Fleet Chief Commander Ghin!",Manga Canon,2000-05-31
28,"I Won't Die! Fierce Battle, Luffy vs. Krieg!",Manga Canon,2000-06-07
29,The Conclusion of the Deadly Battle! A Spear of Blind Determination!,Manga Canon,2000-06-21
30,Set Sail! The Seafaring Cook Sets off With Luffy!,Manga Canon,2000-06-28
31,The Worst Man in the Eastern Seas! Fish-Man Pirate Arlong!,Manga Canon,2000-07-12
32,Witch of Cocoyashi Village! Arlong's Female Leader!,Manga Canon,2000-07-19
33,Usopp Dead?! When Is Luffy Going To Make Landfall?!,Manga Canon,2000-07-19
34,Everyone's Gathered! Usopp Speaks the Truth About Nami!,Manga Canon,2000-07-26
35,Untold Past! Female Warrior Bellemere!,Manga Canon,2000-08-02
36,Survive! Mother Bellemere and Nami's Bond!,Manga Canon,2000-08-09
37,Luffy Rises! Result of the Broken Promise!,Manga Canon,2000-08-16
38,Luffy in Big Trouble! Fish-Men vs. the Luffy Pirates!,Manga Canon,2000-08-23
39,Luffy Submerged! Zoro vs. Hatchan the Octopus!,Manga Canon,2000-08-30
40,Proud Warriors! Sanji and Usopp's Fierce Battles!,Manga Canon,2000-09-06
41,Luffy at Full Power! Nami's Determination and the Straw Hat!,Manga Canon,2000-09-13
42,Explosion! Fish-Man Arlong's Fierce Assault From the Sea!,Manga Canon,2000-09-27
43,End of the Fish-Man Empire! Nami's My Friend!,Manga Canon,2000-09-27
44,"Setting Out With a Smile! Farewell, Hometown Cocoyashi Village!",Manga Canon,2000-10-11
45,Bounty! Straw Hat Luffy Becomes Known to the World!,Manga Canon,2000-10-25
46,Chase Straw Hat! Little Buggy's Big Adventure!,Mixed Canon/Filler,2000-11-01
47,The Wait Is Over! The Return of Captain Buggy!,Mixed Canon/Filler,2000-11-08
48,The Town of the Beginning and the End! Landfall at Loguetown!,Manga Canon,2000-11-22
49,Kitetsu III and Yubashiri! Zoro's New Swords and the Woman Sergeant Major!,Manga Canon,2000-11-22
50,Usopp vs. Daddy the Parent! Showdown at High!,Anime Canon,2000-11-29
51,Fiery Cooking Battle? Sanji vs. the Beautiful Chef!,Anime Canon,2000-12-06
52,Buggy’s Revenge! The Man Who Smiles on the Execution Platform!,Manga Canon,2000-12-13
53,The Legend Has Started! Head for the Grand Line!,Manga Canon,2001-01-10
54,"Precursor to a New Adventure! Apis, a Mysterious Girl!",Filler,2001-01-17
55,Miraculous Creature! Apis' Secret and the Legendary Island!,Filler,2001-01-24
56,Eric Attacks! Great Escape From Warship Island!,Filler,2001-01-31
57,A Solitary Island in the Distant Sea! The Legendary Lost Island!,Filler,2001-02-07
58,Showdown in the Ruins! Tense Zoro vs. Eric!,Filler,2001-02-21
59,"Luffy, Completely Surrounded! Commodore Nelson's Secret Strategy!",Filler,2001-02-21
60,Through the Sky They Soar! The 1000 Year Legend Lives Again!,Filler,2001-02-28
61,An Angry Showdown! Cross the Red Line!,Mixed Canon/Filler,2001-03-07
62,The First Line of Defense? The Giant Whale Laboon Appears!,Manga Canon,2001-03-21
63,A Promise Between Men! Luffy and the Whale Vow to Meet Again!,Manga Canon,2001-03-21
64,A Town That Welcomes Pirates? Setting Foot on Whisky Peak!,Manga Canon,2001-04-15
65,Explosion! The Three Swords Style! Zoro vs. Baroque Works!,Manga Canon,2001-04-15
66,"All Out Battle! Luffy vs. Zoro, Mysterious Grand Duel!",Manga Canon,2001-04-22
67,Deliver Princess Vivi! The Luffy Pirates Set Sail!,Manga Canon,2001-04-29
68,"Try Hard, Coby! Coby and Helmeppo’s Struggles in the Marines!",Mixed Canon/Filler,2001-05-13
69,Coby and Helmeppo's Resolve! Vice-Admiral Garp’s Parental Affection,Mixed Canon/Filler,2001-05-20
70,An Ancient Island! The Shadow Hiding in Little Garden!,Manga Canon,2001-05-27
71,Huge Duel! The Giants Dorry and Broggy!,Manga Canon,2001-06-03
72,Luffy Gets Angry! A Dirty Trick Violates the Sacred Duel!,Manga Canon,2001-06-17
73,Broggy’s Bitter Tears of Victory! The Conclusion of Elbaf!,Manga Canon,2001-06-24
74,The Devilish Candle! Tears of Regret and Tears of Anger!,Manga Canon,2001-07-15
75,A Hex on Luffy! Colors Trap!,Manga Canon,2001-08-12
76,Time to Fight Back! Usopp's Quick Thinking and Fire Star!,Manga Canon,2001-08-19
77,Farewell Giant Island! Head for Alabasta!,Manga Canon,2001-08-19
78,Nami’s Sick? Beyond the Snow Falling on the Sea!,Manga Canon,2001-08-26
79,A Raid! The Tin Tyrant and Tin Plate Wapol!,Manga Canon,2001-09-02
80,An Island Without Doctors? Adventure in a Nameless Land!,Manga Canon,2001-09-09
81,Are You Happy? The Doctor Called Witch!,Manga Canon,2001-09-16
82,Dalton’s Resolve! Wapol’s Corps Lands on the Island!,Manga Canon,2001-10-07
83,The Island Where Snow Lives! Climb the Drum Rockies!,Manga Canon,2001-10-07
84,Blue-Nosed Reindeer! Chopper’s Secret!,Manga Canon,2001-10-21
85,An Outcast's Dream! Hiriluk the Quack!,Manga Canon,2001-10-28
86,Hiriluk’s Cherry Blossoms and the Will That Gets Carried On!,Manga Canon,2001-11-04
87,Fight Wapol's Crew! The Power of the Munch-Munch Fruit!,Manga Canon,2001-11-11
88,Zoan-Type Devil Fruit! Chopper’s Seven-Form Transformation!,Manga Canon,2001-11-18
89, When the Kingdom’s Rule Ends! The Flag of Faith Flies Forever!,Manga Canon,2001-11-25
90,Hiriluk's Cherry Blossoms! Miracle in the Drum Rockies!,Manga Canon,2001-12-02
91,Goodbye Drum Island! I’m Going Out to Sea!,Manga Canon,2001-12-09
92,Alabasta's Hero and a Ballerina on the Ship!,Manga Canon,2001-12-09
93,Off to the Desert Kingdom! The Rain-Summoning Powder and the Rebel Army!,Anime Canon,2001-12-16
94,The Heroes' Reunion! His Name Is Fire Fist Ace!,Manga Canon,2001-12-23
95,Ace and Luffy! Hot Emotions and Brotherly Bonds!,Manga Canon,2002-01-06
96,"Erumalu, the City of Green and the Kung Fu Dugongs!",Manga Canon,2002-01-13
97,Adventure in the Country of Sand! The Monsters That Live in the Scorching Land!,Manga Canon,2002-01-20
98,Enter the Desert Pirates! The Men Who Live Freely!,Filler,2002-01-27
99,"False Fortitude! Camu, Rebel Soldier at Heart!",Filler,2002-02-03
100,Rebel Warrior Koza! The Dream Vowed to Vivi!,Manga Canon,2002-02-10
101,Showdown in a Heat Haze! Ace vs. the Gallant Scorpion!,Mixed Canon/Filler,2002-02-17
102,"Ruins and Lost Ways! Vivi, Her Friends and the Country's Form!",Filler,2002-02-24
103,Spiders Café at 8 O’Clock! The Enemy Leaders Gather!,Manga Canon,2002-03-03
104,Luffy vs. Vivi! The Tearful Vow To Put Friends on the Line!,Manga Canon,2002-03-10
105,"The Battlefront of Alabasta! Rainbase, the City of Dreams!",Manga Canon,2002-03-17
106,The Trap of Certain Defeat! Storming Raindinners!,Manga Canon,2002-03-24
107,Operation Utopia Commences! The Swell of Rebellion Stirs!,Manga Canon,2002-04-14
108,The Terrifying Banana Gators and Mr. Prince!,Manga Canon,2002-04-21
109,The Key to a Great Comeback Escape! The Wax-Wax Ball!,Manga Canon,2002-04-28
110,Merciless Mortal Combat! Luffy vs. Crocodile!,Manga Canon,2002-05-05
111,Dash for a Miracle! Alabasta Animal Land!,Manga Canon,2002-05-12
112,Rebel Army vs. Royal Army! Showdown at Alubarna!,Manga Canon,2002-05-19
113,Alubarna Grieves! The Fierce Captain Karoo!,Manga Canon,2002-06-02
114,"Sworn on a Friend's Dream! The Battle of Molehill, Block 4!",Manga Canon,2002-06-09
115,Big Opening Day Today! The Copy-Copy Montage!,Manga Canon,2002-06-16
116,Transformed Into Nami! Bon Clay’s Rapid-Fire Ballet Kenpo!,Manga Canon,2002-06-23
117,Nami's Cyclone Advisory! Clima Takt Burst!,Manga Canon,2002-06-30
118, Secret Passed Down in the Royal Family! The Ancient Weapon Pluton!,Manga Canon,2002-07-14
119,Secret of Powerful Swordplay! Ability To Cut Steel and the Rhythm Things Have!,Manga Canon,2002-07-21
120,The Battle Is Over! Koza Raises the White Flag!,Manga Canon,2002-08-04
121, Where Vivi's Voice Gets Heard! The Hero Descends!,Manga Canon,2002-08-11
122,Sand Croc and Water Luffy! The Second Round of the Duel!,Manga Canon,2002-08-18
123,"That Looks Croc-ish! Luffy, Run to the Royal Tomb!",Manga Canon,2002-08-25
124,The Nightmare Draws Near! This Is the Sand-Sand Clan's Secret Base!,Manga Canon,2002-09-01
125,"Magnificent Wings! My Name Is Pell, Guardian Deity of the Country!",Manga Canon,2002-09-08
126,I Will Surpass You! Rain Falls in Alabasta!,Manga Canon,2002-09-15
127,A Farewell to Arms! Pirates and Different Ideas of Justice!,Manga Canon,2002-10-06
128,The Pirates’ Banquet and Operation Escape From Alabasta!,Manga Canon,2002-10-06
129,It All Started on That Day! Vivi Tells the Story of Her Adventure!,Manga Canon,2002-10-20
130,Scent of Danger! The Seventh Member Is Nico Robin!,Manga Canon,2002-10-27
131,The First Patient! The Untold Story of the Rumble Ball!,Filler,2002-11-03
132,Uprising of the Navigator! For the Unyielding Dream!,Filler,2002-11-10
133,"A Recipe Handed Down! Sanji, the Iron Man of Curry!",Filler,2002-11-17
134,I Will Make It Bloom! Usopp the Man and the Eight-Foot Shell!,Filler,2002-11-24
135," The Fabled Pirate Hunter! Zoro, the Wandering Swordsman!",Filler,2002-12-01
136,Zenny of the Island of Goats and the Pirate Ship in the Mountains!,Filler,2002-12-08
137,How's Tricks? The Designs of Zenny the Moneylender!,Filler,2002-12-15
138,Whereabouts of the Island Treasure! Attack of the Zenny Pirates!,Filler,2002-12-22
139,Legend of the Rainbow Mist! Old Man Henzo of the Luluka Island!,Filler,2003-01-05
140,Residents of the Land of Eternity! The Pumpkin Pirates!,Filler,2003-01-12
141,Thoughts of Home! The Pirate Graveyard of No Escape!,Filler,2003-01-19
142,An Inevitable Melee! Wetton's Schemes and the Rainbow Tower!,Filler,2003-01-26
143,"And so, the Legend Begins! To the Other Side of the Rainbow!",Filler,2003-02-02
144,"Caught Log! The King of Salvagers, Masira!",Manga Canon,2003-02-09
145,Monsters Appear! Don't Mess With the Whitebeard Pirates!,Manga Canon,2003-02-16
146,"Quit Dreaming! Mock Town, the Town of Ridicule!",Manga Canon,2003-02-23
147,Distinguished Pirates! A Man Who Talks of Dreams and the King of Undersea Search!,Manga Canon,2003-03-09
148,Legendary Family! Noland the Liar!,Manga Canon,2003-03-16
149,Steer for the Clouds! Capture the South Bird!,Manga Canon,2003-03-23
150,Dreams Don't Come True?! Bellamy vs. the Saruyama Alliance,Manga Canon,2003-04-13
151,100 Million Man! World's Greatest Power and Pirate Blackbeard,Manga Canon,2003-04-20
152,Take to the Sky! Ride the Knock-up Stream!,Manga Canon,2003-04-27
153,Sail the White Sea! The Sky Knight and the Gate in the Clouds!,Manga Canon,2003-05-04
154,"Godland, Skypiea! Angels on a Beach of Clouds",Manga Canon,2003-05-11
155,The Forbidden Sacred Ground! The Island Where God Lives and Heaven's Judgment!,Manga Canon,2003-05-18
156,Already Criminals?! Skypiea's Upholder of the Law!,Manga Canon,2003-06-08
157,Is Escape Possible?!? God's Challenge Is Set in Motion!,Manga Canon,2003-06-15
158,A Trap on Lovely Street! The Almighty Eneru!,Manga Canon,2003-06-22
159,Onward Crow! To the Sacrificial Altar!,Manga Canon,2003-07-06
160,"10% Survival Rate! Satori, the Mantra Master!",Manga Canon,2003-07-13
161,The Ordeal of Spheres! Desperate Struggle in the Lost Forest!,Manga Canon,2003-07-20
162,Chopper in Danger! Former God vs. Priest Shura!,Manga Canon,2003-08-03
163,Profound Mystery! Ordeal of String and Ordeal of Love?!?,Manga Canon,2003-08-10
164,Light the Fire of Shandora! Wyper the Warrior!,Manga Canon,2003-08-17
165,"Jaya, City of Gold in the Sky! Head for God's Shrine!",Manga Canon,2003-08-24
166,"Festival on the Night Before Gold Hunting! Feelings for ""Vearth!""",Manga Canon,2003-09-07
167,Enter God Eneru! Farewell to the Survivors!,Manga Canon,2003-09-21
168,A Giant Snake Bares Its Fangs! The Survival Game Begins!,Manga Canon,2003-10-12
169,The Deadly Reject! War Demon Wyper's Resolve,Manga Canon,2003-10-19
170,Fierce Mid-Air Battle! Pirate Zoro vs. Warrior Braham,Manga Canon,2003-10-19
171,The Roaring Burn Bazooka!! Pirate Luffy vs. War Demon Wyper!,Manga Canon,2003-10-26
172,The Ordeal of Swamp! Chopper vs. Priest Gedatsu!,Manga Canon,2003-11-02
173,Unbeatable Powers! Eneru's True Form Is Revealed!,Manga Canon,2003-11-09
174,A Mystical City! The Grand Ruins of Shandora!,Manga Canon,2003-11-16
175,"0% Survival Rate! Chopper vs Ohm, the Sword Wielding Priest",Manga Canon,2003-12-21
176,Climb Giant Jack! Deadly Combat in the Upper Ruins!,Manga Canon,2004-01-11
177, The Ordeal of Iron! White Barbed Death Match!,Manga Canon,2004-01-18
178,Bursting Slash! Zoro vs. Ohm!,Manga Canon,2004-01-25
179,Collapsing Upper Ruins! The Quintet for the Finale!,Manga Canon,2004-02-01
180,Showdown in the Ancient Ruins! Sky God Eneru's Goal!,Manga Canon,2004-02-08
181,Ambition Towards the Endless Vearth! The Ark Maxim!,Manga Canon,2004-02-15
182,They Finally Clash! Pirate Luffy vs. God Eneru!,Manga Canon,2004-02-22
183,Maxim Surfaces! Deathpiea Is Activated!,Manga Canon,2004-02-29
184,Luffy Falls! Eneru's Judgment and Nami's Wish!,Manga Canon,2004-03-07
185,The Two Awaken! On the Front Lines of the Burning Love Rescue!,Manga Canon,2004-03-14
186,Capriccio for Despair! The Impending Doom of Sky Island!,Manga Canon,2004-03-21
187,Led by a Bell's Sound! Tale of the Great Warrior and the Explorer!,Manga Canon,2004-03-28
188,Free From the Spell! The Great Warrior Sheds Tears!,Manga Canon,2004-03-28
189, Eternal Friends! The Vowed Bell Echoes Across the Mighty Seas!,Manga Canon,2004-04-04
190,"Angel Island, Obliterated! The Horror of the Raigo's Advent!!",Manga Canon,2004-04-25
191,Knock Over Giant Jack! Last Hope for Escape!,Manga Canon,2004-05-02
192,Miracle on Skypiea! The Love Song Heard in the Clouds!,Manga Canon,2004-05-09
193, The Battle Ends! Proud Fantasia Echoes Far!,Manga Canon,2004-05-23
194,I Made It Here! The Yarn the Poneglyphs Spin!,Manga Canon,2004-06-06
195,Off to the Blue Sea!! A Heartfelt Finale!!,Manga Canon,2004-06-13
196, A State of Emergency Is Issued! A Notorious Pirate Ship Has Infiltrated!,Filler,2004-06-20
197,Sanji the Cook! Proving His Merit at the Marine Dining Hall!,Filler,2004-07-04
198,Captured Zoro! Chopper's Emergency Operations!,Filler,2004-07-11
199,The Marine's Dragnet Closes In! The Second Member Captured!,Filler,2004-07-18
200,Luffy and Sanji's Daring Rescue Mission!,Filler,2004-08-08
201,Enter the Hot-Blooded Special Forces! Battle on the Bridge!,Filler,2004-09-05
202,Breaking Through the Siege! The Going Merry Is Recovered!,Filler,2004-09-19
203,"The Pirate Ship Disappears! Fortress Battle, Round #2!",Filler,2004-09-26
204,The Gold and Waver Recovery Operations!,Filler,2004-10-03
205,The One Fell Swoop Plan! Jonathan's Surefire Secret Tactic!,Filler,2004-10-03
206,"Farewell, Marine Fortress! The Last Battle for Escape!",Filler,2004-10-10
207, Great Adventure in Long Ring Long Land!,Manga Canon,2004-10-31
208, A Davy Back With the Foxy Pirates!,Manga Canon,2004-11-07
209,Round 1! One Lap of the Donut Race!,Manga Canon,2004-11-14
210,Silver Fox Foxy! The Merciless Interference!,Manga Canon,2004-11-21
211,Round 2! Shoot It Into the Groggy Ring!,Manga Canon,2004-11-28
212,A Barrage of Red Cards in Groggy Ring!,Manga Canon,2004-12-05
213,Round 3! The Round-and-Round Roller Race!,Anime Canon,2004-12-12
214,A Seriously Heated Race! Into the Final Round!,Anime Canon,2004-12-19
215,Screaming-Hot Bombardment! Pirate Dodgeball!,Anime Canon,2005-01-09
216,"Showdown on the Cliff! Red Light, Green Light!",Anime Canon,2005-01-09
217,The Captains Square Off! The Final Combat Round!,Manga Canon,2005-01-16
218,Full-Blast Slow-Slow Onslaught vs. Invulnerable Luffy!,Manga Canon,2005-01-23
219,"Epic, Heated Combat! The Fateful Final Conclusion!",Manga Canon,2005-01-30
220,Was It Lost? Stolen? Who Are You?,Filler,2005-02-06
221,A Mysterious Boy With a Horn and Robin's Deduction!,Filler,2005-02-13
222,"Now, Let's Get Back Our Memories! The Pirate Crew Lands on the Island!",Filler,2005-02-20
223, Zoro Bares His Fangs! A Savage Animal Stands in the Way!,Filler,2005-02-27
224,The Last Counterattack by the Memory Thief Who Reveals His True Colors!,Filler,2005-03-06
225,Proud Man! Silver Fox Foxy!,Filler,2005-03-13
226, The Guy Who’s the Closest To Invincible? And the Most Dangerous Man!,Filler,2005-03-20
227,Navy Headquarters Admiral Aokiji! The Ferocity of an Ultimate Powerhouse!,Manga Canon,2005-03-27
228,Duel Between Rubber and Ice! Luffy vs. Aokiji!,Manga Canon,2005-03-27
229,The Dashing Sea Train and the City of Water: Water Seven!,Manga Canon,2005-04-17
230,Adventure in the City on the Water! Head to the Mammoth Shipbuilding Plant!,Manga Canon,2005-04-24
231,The Franky Family and Iceburg!,Manga Canon,2005-05-01
232,Galley-La Company! A Grand Sight: Dock #1!,Manga Canon,2005-05-15
233,Pirate Abduction Incident! A Pirate Ship That Can Only Await Her End!,Manga Canon,2005-05-22
234,Rescuing Our Friend! Raid on the Franky House!,Manga Canon,2005-06-05
235,Big Fight Under the Moon! The Pirate Flag Flutters With Sorrow!,Manga Canon,2005-06-12
236,Luffy vs. Usopp! Collision of Two Men's Pride!,Manga Canon,2005-06-19
237,Severe Shock Hits the City of Water! Iceburg Targeted!,Manga Canon,2005-07-03
238,Gum-Gum Human vs. Fire-Breathing Cyborg!,Manga Canon,2005-07-10
239, The Straw Hat Pirates Are the Culprits? The Protectors of the City of Water!,Manga Canon,2005-07-31
240,Eternal Farewell? Nico Robin: The Woman Who Draws Darkness!,Manga Canon,2005-08-07
241,Capture Robin! The Determination of the Straw Hats!,Manga Canon,2005-08-14
242,Cannon Fire Is the Signal! CP9 Goes Into Action!,Manga Canon,2005-08-21
243,CP9 Takes Off Their Masks! Their Shocking True Faces!,Manga Canon,2005-09-04
244,Secret Bond! Iceburg and Franky!,Manga Canon,2005-09-11
245," Come Back, Robin! Showdown With CP9!",Manga Canon,2005-09-18
246, The Straw Hat Pirates Annihilated? The Menace of the Leopard Model!,Manga Canon,2005-10-23
247,The Man Who Is Loved Even by His Ship! Usopp's Tears!,Manga Canon,2005-10-30
248,Franky's Past! The Day the Sea Train First Ran,Manga Canon,2005-11-06
249, Spandam's Scheme! The Day the Sea Train Shook,Manga Canon,2005-11-13
250,The End of the Legendary Man! The Day the Sea Train Cried!,Manga Canon,2005-11-27
251,The Truth Behind Her Betrayal! Robin’s Sorrowful Decision!,Manga Canon,2005-11-27
252,The Steam Whistle Forces Friends Apart! The Sea Train Starts To Run,Manga Canon,2005-12-04
253,Sanji Barges In! Sea Train Battle in the Storm!,Manga Canon,2005-12-11
254,Nami's Soul Cries Out! Straw Hat Luffy Makes a Comeback!,Manga Canon,2006-01-22
255, Another Sea Train? Rocketman Charges Forth!,Manga Canon,2006-01-29
256, Rescue Our Friends! A Bond Among Foes Sworn With Fists!,Manga Canon,2006-02-05
257,Smash the Wave! Luffy and Zoro Use the Strongest Combo!,Manga Canon,2006-02-26
258,A Mysterious Man Appears?! His Name Is Sniperking! ,Manga Canon,2006-03-05
259,Showdown Between Cooks! Sanji vs. Ramen Kenpo,Manga Canon,2006-03-12
260,Rooftop Duel! Franky vs. Nero,Manga Canon,2006-03-19
261,Clash! Demon-Slasher Zoro vs. Ship-Slasher T-Bone!,Manga Canon,2006-04-02
262,Scramble Over Robin! A Cunning Plan by Sniperking!!,Manga Canon,2006-04-16
263,The Judicial Island! Full View of Enies Lobby!,Manga Canon,2006-04-30
264,"Landing Operations Start! Charge in, Straw Hats!",Manga Canon,2006-05-21
265, Luffy Cuts Through! Big Showdown on the Judicial Island!,Manga Canon,2006-06-04
266,Battle Against Giants! Open the Second Gate!,Manga Canon,2006-06-11
267,Find a Way Out! Rocketman Takes Flight!,Manga Canon,2006-06-18
268,Catch up With Luffy! The Straw Hats' All-Out Battle,Manga Canon,2006-06-25
269,Robin Betrayed! The Motive of the World Government!,Manga Canon,2006-06-25
270,Give Robin Back! Luffy vs. Blueno!,Manga Canon,2006-07-02
271,Don’t Stop! Hoist the Counterattack Signal!,Manga Canon,2006-07-09
272,Almost to Luffy! Gather at the Courthouse Plaza!,Manga Canon,2006-07-23
273,Everything Is To Protect My Friends! Second Gear Activated!,Manga Canon,2006-07-30
274,"Give Us Your Answer, Robin! The Straw Hats' Outcry!",Manga Canon,2006-08-06
275,Robin's Past! The Girl Was Called a Devil!,Manga Canon,2006-08-13
276,Fated Mother and Daughter! The Mother's Name Is Olvia!,Manga Canon,2006-09-10
277,The Tragedy of Ohara! The Terror of the Buster Call!,Manga Canon,2006-09-24
278,Say You Want To Live! We Are Your Friends!!,Manga Canon,2006-09-24
279,Jump Towards the Falls! Luffy’s Feelings!,Filler,2006-10-01
280,"The Ways of Men! Zoro's Techniques, Usopp's Dream!",Filler,2006-10-08
281,A Bond of Friendship Woven by Tears! Nami's World Map!,Filler,2006-10-15
282,Parting Builds a Man's Character! Sanji and Chopper!,Filler,2006-10-22
283,Everything Is for Her Friends! Robin in the Darkness!,Filler,2006-10-29
284, I'm Not Gonna Hand Over the Blueprints! Franky's Decision!,Manga Canon,2006-11-05
285,Obtain the Five Keys! The Straw Hat Pirates vs. CP9!,Manga Canon,2006-11-12
286,Devil Fruit Powers! Kaku and Jabra Transform!,Manga Canon,2006-11-19
287,I Won't Kick Even if It Costs Me My Life! Sanji's Chivalry!,Manga Canon,2006-11-26
288,Fukurou's Miscalculation! My Cola Is the Water of Life!,Manga Canon,2006-12-03
289,Zoro Busts Out a New Technique! The Sword's Name Is Sniperking?,Manga Canon,2006-12-10
290,Uncontrollable! Chopper's Forbidden Rumble!,Manga Canon,2006-12-17
291,Boss Luffy Returns! Is It a Dream or Reality? Lottery Ruckus!,Filler,2006-12-24
292,A Big Rice Cake Tossing Race at the Castle! Red Nose's Plot!,Filler,2007-01-07
293,Bubble Master Kalifa! The Soap Trap Closes in on Nami!,Manga Canon,2007-01-14
294,Resounding Bad News! The Buster Call Invoked!,Manga Canon,2007-01-21
295,Five Namis? Nami Strikes Back With Mirages!,Manga Canon,2007-01-28
296,Nami's Decision! Fire at the Out-of-Control Chopper!,Manga Canon,2007-02-04
297,Hunter Sanji Makes an Entrance? Elegy for a Lying Wolf!,Manga Canon,2007-02-11
298,Fiery Kicks! Sanji's Full Course of Foot Techniques!,Manga Canon,2007-02-25
299,"Fierce Sword Attacks! Zoro vs. Kaku, Powerful Sword Fighting Showdown!",Manga Canon,2007-03-04
300,Demon God Zoro! An Incarnation of Asura Born From Fighting Spirit!,Manga Canon,2007-03-11
301,Spandam Frightened! The Hero on the Tower of Law!,Manga Canon,2007-03-18
302,"Robin Freed! Luffy vs. Lucci, Showdown Between Leaders!",Manga Canon,2007-03-25
303,Boss Luffy Is the Culprit? Track Down the Missing Great Cherry Tree!,Filler,2007-04-01
304,I Can't Protect Anyone Unless I Win! Third Gear Activated!,Manga Canon,2007-04-08
305, Shivering Past! Dark Justice and Rob Lucci!,Manga Canon,2007-04-15
306,A Mysterious Mermaid Appears? As Consciousness Fades Away...,Manga Canon,2007-04-22
307,Cannon Fire Sinks the Island! Franky's Lamentation!,Manga Canon,2007-04-29
308,Wait for Luffy! Mortal Combat on the Bridge of Hesitation!,Manga Canon,2007-05-06
309,Fists Full of Emotion! Luffy Unleashes Gatling With All His Might!,Manga Canon,2007-05-13
310,"From the Sea, a Friend Arrives! The Straw Hats Share the Strongest Bond!",Manga Canon,2007-05-20
311,Everyone Makes a Great Escape! The Road to Victory Is for the Pirates!,Manga Canon,2007-05-27
312,"Thank You, Merry! Snow Falls Over the Parting Sea!",Manga Canon,2007-06-03
313,Peace Interrupted! A Navy Vice Admiral With a Fist of Love!,Manga Canon,2007-06-10
314,The Strongest Family? Luffy's Father Revealed!,Manga Canon,2007-06-17
315,Its Name Is the New World! The Fate of the Grand Line!,Manga Canon,2007-06-24
316,Shanks Makes a Move! The Linchpin to the Reckless Era!,Manga Canon,2007-07-01
317,The Girl in Search of Her Yagara! Great Search in the City of Water!,Filler,2007-07-08
318,Mothers Are Strong! Zoro's Hectic Household Chores!,Filler,2007-07-15
319,Sanji's Shock! Mysterious Old Man and His Super Yummy Cooking!,Filler,2007-07-22
320, Everyone Finally Has a Bounty! A Pirate Group Worth Over 600 Million!,Manga Canon,2007-08-19
321,The King of Animals That Overlooks the Sea! The Dream Ship Magnificently Completed!,Manga Canon,2007-08-26
322,Goodbye My Dear Underlings! Franky Departs!,Manga Canon,2007-09-02
323,Departing the City of Water! Usopp Mans up and Brings Closure to the Duel!,Manga Canon,2007-09-09
324,Wanted Posters Make It Around the World! Celebrations in Their Hometowns as the Ship Moves Forward!,Manga Canon,2007-09-16
325,The Most Heinous Power! Blackbeard’s Darkness Attacks Ace!,Manga Canon,2007-09-23
326,The Mysterious Band of Pirates! Sunny and the Dangerous Trap!,Filler,2007-10-14
327,"Sunny in a Pinch! Roar, Secret Superspeed Mecha!",Filler,2007-10-21
328,"The Dream Sinking in the New World! The Disillusioned Pirate, Puzzle!",Filler,2007-10-28
329,The Assassins Attack! The Great Battle on Ice Begins!,Filler,2007-11-04
330,The Straw Hat’s Hard Battles! A Pirate Soul Risking It All for the Flag!,Filler,2007-11-11
331,Hot Full Throttle! The Twin’s Magnetic Power Drawing Near!,Filler,2007-11-18
332,Mansion of Great Chaos! The Enraged Don and the Captured Crew!,Filler,2007-11-25
333,The Return of the Phoenix! The Dream of the Pirate Flag Sworn to a Friend!,Filler,2007-12-02
334,The Red Hot Decisive Battle! Luffy vs. the Scorching Don!,Filler,2007-12-09
335,Waiting in the New World! Farewell to the Brave Pirates!,Filler,2007-12-16
336,Chopperman to the Rescue! Protect the TV Station by the Shore!,Filler,2007-12-23
337,Plunging Into the Devil’s Sea! The Mysterious Skeleton Floating in the Fog!,Manga Canon,2008-01-06
338, The Joy of Seeing People! The Gentleman Skeleton's True Identity!,Manga Canon,2008-01-13
339,One Unnatural Phenomenon After the Next! Disembarking on Thriller Bark!,Manga Canon,2008-01-20
340,The Man Called a Genius! Hogback Makes His Appearance!,Manga Canon,2008-01-27
341,Nami's in a Major Pinch! The Zombie Mansion and the Invisible Man!,Manga Canon,2008-02-03
342,The Zombie's Secret! Hogback's Nightmarish Laboratory!,Manga Canon,2008-02-10
343,His Name Is Moria! The Great Shadow-Seizing Pirate's Trap!,Manga Canon,2008-02-17
344,Feast of the Zombie Song! The Night Raid's Bell Is the Sound of Darkness!,Manga Canon,2008-02-24
345,A Bunch of Animals? Perona's Wonder Garden!,Manga Canon,2008-03-02
346,The Vanishing Straw Hat Crew! A Mysterious Swordsman Appears!,Manga Canon,2008-03-09
347,Chivalry Remains! The Traitorous Zombie Protects Nami,Manga Canon,2008-03-16
348,Appearing From the Sky! That Man Is the Humming Swordsman!,Manga Canon,2008-03-23
349,Luffy’s Emergency Situation! The Ultimate Shadow’s Destination!,Manga Canon,2008-03-30
350,"The Warrior Known as the ""Devil!!"" The Moment of Oars' Revival",Manga Canon,2008-04-20
351,Awakening After 500 Years!! Oars Opens His Eyes!!,Manga Canon,2008-04-27
352,A Belief Worth Begging To Live For!! Brook Defends His Afro,Manga Canon,2008-05-04
353, A Man's Promise Never Dies!! To the Friend Waiting Under the Distant Sky,Manga Canon,2008-05-11
354,I Swear To Go See Him!! Brook and the Cape of Promise!,Mixed Canon/Filler,2008-05-18
355," Food, Nami and Shadows!! Luffy’s Enraged Counterattack!",Manga Canon,2008-05-25
356,Usopp’s the Strongest? Leave Anything Negative to Him!,Manga Canon,2008-06-01
357,The General Zombies Are Down in a Flash!! Oars Feels Like an Adventure!!,Manga Canon,2008-06-08
358,Blazing Knight Sanji!! Kick Down the Fake Wedding,Manga Canon,2008-06-15
359,A Clear-Clear History? Sanji's Stolen Dream,Manga Canon,2008-06-22
360,"Save Me, Hero!! My Enemy Is the Immortal Princess",Manga Canon,2008-06-29
361,"Perona Is Terrified!! Usopp and Untruthful Share the Same ""U""",Manga Canon,2008-07-06
362,Slashes Dancing on the Roof!! Zoro vs. Ryuma's Showdown,Manga Canon,2008-07-13
363,Chopper Is Furious!! Hogback's Evil Medical Practices,Manga Canon,2008-07-20
364,"Oars Roars! Come Out, Straw Hat Crew",Manga Canon,2008-08-03
365,Luffy Is the Enemy! The Ulitmate Zombie vs. the Straw Hat Crew,Manga Canon,2008-08-10
366,"You're Going Down, Absalom!! Nami's Lightning Attack of Friendship!!",Manga Canon,2008-08-17
367,Knock Him Down!! Special Attack: Straw Hat Docking?,Manga Canon,2008-08-24
368,"The Silent Assault!! The Mysterious Visitor, Tyrant Kuma",Manga Canon,2008-08-31
369,Oars + Moria! The Most Heinous Combination of Brains and Brawn,Manga Canon,2008-09-07
370, The Secret Plan to Turn the Tables! Nightmare Luffy Makes His Appearance,Manga Canon,2008-09-14
371,The Straw Hat Crew Gets Wiped Out! The Shadow-Shadow's Powers in Full Swing,Manga Canon,2008-09-21
372,The Incredible Battle Starts! Luffy vs. Luffy,Manga Canon,2008-09-28
373,The End of the Battle Is Nigh! Pound in the Finishing Move,Manga Canon,2008-10-05
374,Our Bodies Vanish! The Morning Sun Shines on the Nightmarish Island!,Manga Canon,2008-10-12
375,Not Out of Danger Yet! Orders To Annihilate the Straw Hat Crew,Manga Canon,2008-10-19
376,It Repels Everything! Kuma's Paw-Paw Power!,Manga Canon,2008-11-09
377, The Pain of My Crewmates Is My Pain! Zoro's Desperate Fight!,Manga Canon,2008-11-16
378,The Promise From a Distant Day! The Pirates' Song and a Small Whale!,Manga Canon,2008-11-23
379, Brook's Past! A Sad Farewell With His Cheerful Comrade!,Manga Canon,2008-11-30
380,Bink's Booze! The Song That Connects the Past With the Present!,Manga Canon,2008-12-07
381,"A New Crewmate! The Musician, Humming Brook!",Manga Canon,2008-12-14
382,"The Slow-Slow Menace! ""Silver Fox"" Foxy Returns!",Filler,2008-12-21
383,The Great Scramble for Treasure! Collapse! Spa Island!,Filler,2008-12-28
384,Brook's Great Struggle! Is the Path To Becoming a True Comrade Rigorous?,Filler,2009-01-11
385,Arriving at Halfway Through the Grand Line! The Red Line,Manga Canon,2009-01-18
386,Hatred of the Straw Hat Crew! Enter Iron Mask Duval,Manga Canon,2009-01-25
387,The Fated Reunion! Save the Imprisoned Fish-Man,Manga Canon,2009-02-01
388,Tragedy! The Truth of the Unmasked Duval,Manga Canon,2009-02-08
389,Explosion! The Sunny's Super Secret Weapon: Gaon Cannon,Manga Canon,2009-02-15
390,Landing to Get to Fish-Man Island! The Sabaody Archipelago,Manga Canon,2009-02-22
391,"Tyranny! The Rulers of Sabaody, the Celestial Dragons",Manga Canon,2009-03-01
392,New Rivals Gather! The 11 Supernovas,Manga Canon,2009-03-08
393,The Target Is Camie! The Looming Clutches of a Professional Kidnapper,Manga Canon,2015-06-15
394,Rescue Camie! The Archipelago’s Lingering Dark History,Manga Canon,2009-03-29
395,Time Limit! The Human Auction Begins,Manga Canon,2009-04-05
396,The Fist Explodes! Destroy the Auction,Manga Canon,2009-04-12
397,Major Panic! Desperate Struggle at the Auction House,Manga Canon,2009-04-19
398,Admiral Kizaru Takes Action! Sabaody Archipelago Thrown Into Chaos,Manga Canon,2009-04-26
399,Break Through the Siege! The Navy vs. the Three Captains,Manga Canon,2009-05-03
400,Roger and Rayleigh! The King of the Pirates and His Right Hand Man,Manga Canon,2009-05-10
401,No Escape!? Admiral Kizaru’s Light Speed Kick!!,Manga Canon,2009-05-17
402,"Overwhelming! The Navy’s Fighting Weapons, the Pacifistas",Manga Canon,2009-05-24
403,An Even Stronger Enemy Appears! The Battle Axe-Carrying Sentomaru,Manga Canon,2009-05-31
404,Admiral Kizaru's Fierce Assault! The Straw Hats Face Certain Death!,Manga Canon,2009-06-07
405,Eliminated Friends! The Final Day of the Straw Hat Crew,Manga Canon,2009-06-14
406,Feudal Era Side Story! Boss Luffy Appears Again,Filler,2009-06-21
407,Feudal Era Side Story! Defeat Thriller Company's Trap,Filler,2009-06-28
408,"Landing! The All-Female Island, Amazon Lily",Manga Canon,2009-07-05
409, Hurry Back to Your Friends! The Maiden Island Adventure,Manga Canon,2009-07-12
410,Everyone Falls in Love! Pirate Empress Hancock,Manga Canon,2009-07-19
411,The Secret Hidden on Their Backs! Luffy and the Snake Princess Meet,Manga Canon,2009-08-02
412,Heartless Judgment! Margaret Is Turned to Stone!!,Manga Canon,2009-08-09
413, A Difficult Fight for Luffy! The Snake Sisters' Haki Power!!,Manga Canon,2009-08-16
414,All-Out Special Power Battle!! Gum-Gum vs. Snake-Snake,Manga Canon,2009-08-23
415,Hancock's Confession! The Sisters' Abhorrent Past,Manga Canon,2009-08-30
416,Saving Ace! The Next Stop: The Great Prison!,Manga Canon,2009-09-06
417,Love Is a Hurricane! Hancock Madly in Love!,Manga Canon,2009-09-13
418,The Friends' Whereabouts! The Science of Weather and the Mechanical Island!,Anime Canon,2009-09-20
419,The Friends' Whereabouts! An Island of Giant Birds and a Pink Paradise!,Anime Canon,2009-09-27
420,The Friends' Whereabouts! Bridging the Islands and Vicious Vegetations!,Anime Canon,2009-10-04
421,The Friends' Whereabouts! A Negative Princess and the King of Demons!,Mixed Canon/Filler,2009-10-11
422,A Deadly Infiltration! The Underwater Prison Impel Down!,Manga Canon,2009-10-18
423,A Reunion in Hell?! The Man Who Ate the Chop-Chop Fruit!,Manga Canon,2009-10-25
424, Break Through the Crimson Hell! Buggy's Chaos-Inducing Plan!,Manga Canon,2009-11-01
425,The Strongest Man in the Prison! Poison Man Magellan Appears!,Manga Canon,2009-11-08
426, A Special Presentation Related to the Movie! A Gold Lion's Ambition on the Move!,Filler,2009-11-15
427,A Special Presentation Related to the Movie! Little East Blue in Danger!,Filler,2009-11-22
428,A Special Presentation Related to the Movie! The Fierce Onslaught of the Amigo Pirates!,Filler,2009-11-29
429,A Special Presentation Related to the Movie! Luffy vs. Largo - The Battle Is On!,Filler,2009-12-06
430,A Warlord in Prison! Jimbei the First Son of the Sea!,Manga Canon,2009-12-13
431,Chief Jailer Saldeath's Trap! Level 3 - Starvation Hell!,Manga Canon,2009-12-20
432,The Unleashed Swan! A Reunion With Bon Clay!,Manga Canon,2009-12-27
433,Warden Magellan's Strategy! Straw Hat Entrapment Completed!,Manga Canon,2010-01-10
434, All Forces Have Gathered! The Battle on Level 4 - The Burning Heat Hell!,Manga Canon,2010-01-17
435,Mighty Magellan! Bon Clay Bugs Out!,Manga Canon,2010-01-24
436,The Showdown Has Come! Luffy's Desperate Last Attack!,Manga Canon,2010-01-31
437,For His Friend! Bon Clay Goes to the Deadly Rescue!,Manga Canon,2010-02-07
438,A Paradise in Hell! Impel Down - Level 5.5!,Manga Canon,2010-02-14
439,Luffy's Treatment Begins! Iva's Miraculous Power!,Manga Canon,2010-02-21
440,Believe in Miracles! Bon Clay's Cries From the Heart!,Manga Canon,2010-02-28
441,Luffy Back in Action! Iva Begins the Breakout Plan!!,Manga Canon,2010-03-07
442,Ace's Convoy Begins! Battle on the Lowest Floor - Level 6!,Manga Canon,2010-03-14
443,The Ultimate Team Has Formed! Shaking Impel Down!,Manga Canon,2010-03-21
444,Even More Chaos! Here Comes Blackbeard Teach!,Manga Canon,2010-03-28
445,The Dangerous Encounter! Blackbeard and Shiryu of the Rain!,Manga Canon,2010-04-04
446,Refusal to Be Defeated! Serious Hannyabal,Manga Canon,2010-04-11
447,Jet Pistol of Anger! Luffy vs. Blackbeard!,Manga Canon,2010-04-18
448,Stop Magellan! Iva's Esoteric Technique Explodes!,Manga Canon,2010-04-25
449,Magellan's Tricky Move! A Foiled Escaped Plan!,Manga Canon,2010-05-02
450,The Escapee Team in Trouble! The Forbidden Move: Venom Demon!,Manga Canon,2010-05-09
451,"Come, Final Miracle! Break Through the Gate of Justice!",Manga Canon,2010-05-16
452,To the Navy Headquarters! Off to Rescue Ace!,Manga Canon,2010-05-23
453,The Friends' Whereabouts! The Weatheria Report and the Cyborg Animals!,Anime Canon,2010-05-30
454,The Friends' Whereabouts! A Cheeper of Giant Birds and a Pink Showdown!,Anime Canon,2010-06-06
455, The Friends' Whereabouts! Revolutionaries and the Gorging Forest's Trap!,Anime Canon,2010-06-13
456,The Friends' Whereabouts! A Huge Tomb and the Panty Debt!,Anime Canon,2010-06-20
457,A Special Retrospective Before Marineford! The Vow of the Brotherhood!,Filler,2010-06-27
458,A Special Retrospective Before Marineford! The Three Navy Admirals Come Together!,Filler,2010-07-11
459,Ticking Down to the Time of Battle! The Navy's Strongest Lineup in Position!,Manga Canon,2010-07-18
460,A Vast Fleet Appears! Here Come the Whitebeard Pirates!,Manga Canon,2010-08-01
461,The Beginning of the War! Ace and Whitebeard's Past!,Manga Canon,2010-08-08
462,The Force That Could Destroy the World! The Power of the Tremor-Tremor Fruit!,Manga Canon,2010-08-15
463, An All-Consuming Inferno!! Admiral Akainu's Power!,Manga Canon,2010-08-22
464, A Descendant of the Beast! Little Oars Jr. - Full Speed Ahead!,Manga Canon,2010-08-29
465,Justice for the Winners! Sengoku's Strategy in Action!,Manga Canon,2010-09-05
466,Straw Hat Team Arrives! Tension Grows at the Battlefield,Manga Canon,2010-09-12
467,"Even If It Means Death! Luffy vs. the Navy, the Battle Starts!",Manga Canon,2010-09-19
468,"Hard Battles, One After Another! Devil Fruit Users vs. Devil Fruit Users!",Manga Canon,2010-09-26
469,Kuma's Transformation! Iva's Blow of Anger!,Manga Canon,2010-10-03
470, The Great Swordsman Mihawk! Luffy Comes Under the Attack of the Black Sword!,Manga Canon,2010-10-10
471,The Extermination Strategy in Action! The Power of the Pacifistas!,Manga Canon,2010-10-17
472,Akainu's Plot! Whitebeard Entrapped!,Manga Canon,2010-10-24
473,The Encircling Walls Activated! The Whitebeard Pirates Backed Into a Corner!,Manga Canon,2010-10-31
474,Execution Order Issued! Break Through the Encircling Walls!,Manga Canon,2010-11-07
475,Moving Into the Final Phase! Whitebeard's Trump Card for Recovery!,Manga Canon,2010-11-14
476,Luffy at the End of His Tether! An All-Out Battle at the Oris Plaza!,Manga Canon,2010-11-21
477,"The Power That Will Shorten One's Life! Energy Hormone, Redux!",Manga Canon,2010-11-28
478,To Live up to a Promise! Luffy and Coby Collide!,Manga Canon,2010-12-05
479,The Scaffold at Last! The Way to Ace Has Opened!,Manga Canon,2010-12-12
480, Each on Different Paths! Luffy vs. Garp!,Manga Canon,2010-12-19
481,Ace Rescued! Whitebeard's Final Order!,Manga Canon,2010-12-26
482,The Power That Can Burn Even Fire! Akainu's Ruthless Pursuit!,Manga Canon,2011-01-09
483,Looking for the Answer! Fire Fist Ace Dies on the Battlefield!,Manga Canon,2011-01-16
484,The Navy Headquarters Falls! Whitebeard's Unspeakable Wrath!,Manga Canon,2011-01-23
485,Ending the Matter! Whitebeard vs. the Blackbeard Pirates!,Manga Canon,2011-01-30
486,The Show Begins! Blackbeard's Plot Is Revealed!,Manga Canon,2011-02-06
487,The Insatiable Akainu! Lava Fists Pummel Luffy!,Manga Canon,2011-02-13
488,The Desperate Scream! Courageous Moments That Will Change the Future,Manga Canon,2011-02-20
489,Here Comes Shanks! The War of the Best Is Finally Over!,Mixed Canon/Filler,2011-03-06
490,"Mighty Leaders Face Each Other Down! Heralding the ""New Era!""",Manga Canon,2011-03-20
491,Landing at the Maiden Island! The Harsh Reality Falls Upon Luffy!,Manga Canon,2011-03-27
492,The Strongest Tag-Team! Luffy and Toriko's Hard Struggle!,Filler,2011-04-03
493,Luffy and Ace! The Story of How the Brothers Met!,Manga Canon,2011-04-10
494,Here Comes Sabo! The Boy at the Gray Terminal!,Manga Canon,2011-04-17
495,I Won't Run! Ace's Desperate Rescue Operation!,Manga Canon,2011-04-24
496,To the Sea Someday! The Pledge of the Three Brats!,Manga Canon,2011-05-01
497,Leaving the Dadan Family for Good? The Kids' Hideout Has Been Built!,Anime Canon,2011-05-08
498,Luffy Becoming an Apprentice?! A Man Who Fought Against the King of the Pirates!,Anime Canon,2011-05-15
499,The Battle Against the Big Tiger! Who Is Going to Be Captain?!,Anime Canon,2011-05-22
500,Freedom Taken Away! The Nobles' Plot Closing in on the Brothers!,Manga Canon,2011-05-29
501,The Fire Has Been Set! The Gray Terminal in Crisis!,Manga Canon,2011-06-05
502,Where Can Freedom Be Found? A Sad Departure of a Boy!,Manga Canon,2011-06-12
503,Take Good Care of Him! A Letter From the Brother!,Manga Canon,2011-06-19
504,To Live up to the Promise! Departures of Their Own!,Manga Canon,2011-06-26
505,I Want to See Them! Luffy's Mournful Cry!,Manga Canon,2011-07-03
506,Straw Hats in Shock! The Bad News Has Reached Them!,Anime Canon,2011-07-10
507, Reunited With Dark King Rayleigh! Decision Time for Luffy!,Manga Canon,2011-07-17
508, Back to Our Captain! A Jail Break at the Sky Island and the Incident on the Winter Island!,Manga Canon,2011-07-31
509,Encounter! The Great Swordsman Mihawk! Zoro's Self-Willed Deadly Struggle!,Manga Canon,2011-08-07
510,A Disaster for Sanji! The Queen's Return to the Kingdom!,Manga Canon,2011-08-14
511,"Unexpected Relanding! Luffy, to Marineford!",Manga Canon,2011-08-21
512,With Hopes It Will Reach My Friends! Big News Spreading Fast!,Manga Canon,2011-08-28
513,Pirates Get On the Move! Astounding New World!,Manga Canon,2011-09-04
514, Living Through Hell! Sanji's Fight for His Manhood!,Manga Canon,2011-09-11
515,"I Will Get Much, Much Stronger! Zoro's Pledge to His Captain!",Manga Canon,2011-09-18
516, Luffy's Training Begins! To the Place We Promised in 2 Years!,Manga Canon,2011-09-25
517,The Beginning of the New Chapter! The Straw Hats Reunited!,Manga Canon,2011-10-02
518,An Explosive Situation! Luffy vs. Fake Luffy!,Manga Canon,2011-10-09
519,The Navy Has Set Out! The Straw Hats in Danger!,Manga Canon,2011-10-16
520,Big Guns Assembled! The Danger of the Fake Straw Hats!,Mixed Canon/Filler,2011-10-23
521,The Battle Is On! Show Them What You Got From Training!,Manga Canon,2011-10-30
522,"Everyone Together! Luffy, Setting Out for the New World!",Manga Canon,2011-11-06
523,A Surprising Fact! The Man Who Guarded the Sunny!,Manga Canon,2011-11-13
524,Deadly Combat Under the Sea! The Demon of the Ocean Strikes!,Manga Canon,2011-11-20
525,Lost in the Deep Sea! The Straw Hats Get Separated!,Manga Canon,2011-11-27
526,Undersea Volcanic Eruption! Drifting to the Fish-Man Island!,Manga Canon,2011-12-04
527,Landing at the Fish-Man Island! Beautiful Mermaids!,Manga Canon,2011-12-11
528,Excitement Blow-Out! Sanji's Life Under Threat!,Manga Canon,2011-12-18
529,The Fish-Man Island Will Be Annihilated?! Sharley's Prophecy!,Manga Canon,2011-12-25
530,"The King of the Fish-Man Island! Neptune, the God of the Sea!",Manga Canon,2012-01-08
531,Ryugu Palace! Taken by the Shark That They Saved!,Manga Canon,2012-01-15
532,A Coward and a Crybaby! The Princess in the Hard Shell Tower!,Manga Canon,2012-01-22
533,It's an Emergency! The Ryugu Palace Is Occupied!,Manga Canon,2012-01-29
534,The Ryugu Palace in Shock! The Kidnapping of Shirahoshi!,Manga Canon,2012-02-05
535,Hordy's Onslaught! The Retaliatory Plan Set Into Motion!,Manga Canon,2012-02-12
536,The Battle in the Ryugu Palace! Zoro vs. Hordy!,Manga Canon,2012-02-19
537,Keep Shirahoshi Safe! Decken Close Behind!,Manga Canon,2012-02-26
538,The Straw Hats Defeated?! Hordy Gains Control of the Ryugu Palace!,Manga Canon,2012-03-04
539,The Haunting Ties! Nami and the Fish-Man Pirates!,Manga Canon,2012-03-18
540, A Hero Who Freed the Slaves! An Adventurer Tiger!,Manga Canon,2012-03-25
541,Kizaru Appears! A Trap to Catch Tiger!,Manga Canon,2012-04-01
542,A Team Is Formed! Save Chopper,Filler,2012-04-08
543,The Death of the Hero! A Shocking Truth of Tiger!,Manga Canon,2012-04-15
544, The Sun Pirates Split! Jimbei vs. Arlong!,Manga Canon,2012-04-22
545, Shaking Fish-Man Island! A Celestial Dragon Drifts In!,Manga Canon,2012-04-29
546,A Sudden Tragedy! A Gunshot Shuts Down the Future!,Manga Canon,2012-05-06
547, Back to the Present! Hordy Makes a Move!,Manga Canon,2012-05-13
548,The Kingdom in Shock! An Order to Execute Neptune Issued!,Manga Canon,2012-05-20
549, A Rift Opens Up! Luffy vs. Jimbei!,Manga Canon,2012-05-27
550, Something Has Happened to Hordy! The True Power of the Evil Drug!,Manga Canon,2012-06-03
551,The Battle Is On! At Conchcorde Plaza!,Manga Canon,2012-06-10
552,Surprising Confession! The Truth Behind the Assassination of Otohime!,Manga Canon,2012-06-17
553,Shirahoshi's Tears! Luffy Finally Shows Up!,Manga Canon,2012-06-24
554,"A Great Clash! The Straw Hat Crew vs. 100,000 Enemies",Manga Canon,2012-07-01
555,Deadly Attacks One After Another! Zoro and Sanji Join the Battle!,Manga Canon,2012-07-08
556,Unveiled! The Secret Weapons of the Sunny!,Manga Canon,2012-07-15
557, Iron Pirate! Here Comes General Franky!,Manga Canon,2012-07-29
558,The Noah Closing In! The Fish-Man Island Facing Destruction!,Manga Canon,2012-08-05
559,"Hurry Up, Luffy! Shirahoshi's Life in Jeopardy!",Manga Canon,2012-08-12
560, The Fierce Fight Begins! Luffy vs. Hordy!,Manga Canon,2012-08-19
561,A Massive Confused Fight! The Straw Hats vs. the New Fish-Man Pirates!,Manga Canon,2012-08-26
562,Luffy Loses the Fight?! Hordy's Long Awaited Revenge!,Manga Canon,2012-09-02
563,A Shocking Fact! The True Identity of Hordy!,Manga Canon,2012-09-09
564,Back to Zero! Earnest Wishes for Luffy!,Manga Canon,2012-09-16
565,Luffy's All-Out Attack! Red Hawk Blasts!,Manga Canon,2012-09-23
566,Coming to an End! The Final Decisive Battle Against Hordy!,Manga Canon,2012-09-30
567,"Stop, Noah! Desperate Elephant Gatling!",Manga Canon,2012-10-07
568,To the Future! The Path to the Sun!,Manga Canon,2012-10-14
569,The Secret Revealed! The Truth About the Ancient Weapon!,Manga Canon,2012-10-21
570,The Straw Hats Stunned! The New Fleet Admiral of the Navy!,Manga Canon,2012-10-28
571,She Loves Sweets! Big Mom of the Four Emperors!,Manga Canon,2012-11-04
572,Many Problems Lie Ahead! A Trap Awaiting in the New World!,Manga Canon,2012-11-11
573,"Finally Time to Go! Goodbye, Fish-Man Island!",Manga Canon,2012-11-18
574,To the New World! Heading for the Ultimate Sea!,Mixed Canon/Filler,2012-11-25
575,Z's Ambition! Lily the Little Giant!,Filler,2012-12-02
576,Z's Ambition! A Dark and Powerful Army!,Filler,2012-12-09
577,Z's Ambition! A Great and Desperate Escape Plan!,Filler,2012-12-16
578,Z's Ambition! Luffy vs. Shuzo!,Filler,2012-12-23
579,Arriving! A Burning Island - Punk Hazard!,Manga Canon,2013-01-06
580,A Battle in the Heat! Luffy vs. the Giant Dragon!,Manga Canon,2013-01-13
581,The Straw Hats Stunned! Enter: A Samurai's Horrifying Severed Head!,Manga Canon,2013-01-20
582,Startling! The Secret of the Island Is Finally Revealed!,Manga Canon,2013-01-27
583,Save the Children! The Straw Hats Start to Fight!,Manga Canon,2013-02-03
584,A Swordplay Showdown! Brook vs. the Mysterious Torso Samurai!,Manga Canon,2013-02-10
585,The Warlord! Trafalgar Law!,Manga Canon,2013-02-17
586,In a Real Pinch! Luffy Sinks Into the Ice-Cold Lake!,Manga Canon,2013-03-03
587,A Collision! Law vs. Vice Admiral Smoker!,Manga Canon,2013-03-17
588,Meeting Again After Two Years! Luffy and Law!,Manga Canon,2013-03-24
589,The Worst in the World! A Scientist of Terror - Caesar!,Manga Canon,2013-03-31
590,History's Strongest Collaboration vs. Glutton of the Sea,Filler,2013-04-07
591,Chopper's Fury! The Master's Inhumane Experiment!,Manga Canon,2013-04-14
592,To Annihilate the Straw Hats! Legendary Assassins Descend!,Manga Canon,2013-04-21
593,Save Nami! Luffy's Fight on the Snow-Capped Mountains!,Manga Canon,2013-04-28
594,Formed! Luffy and Law's Pirate Alliance!,Manga Canon,2013-05-05
595,Capture M! The Pirate Alliance's Operation Launches!,Manga Canon,2013-05-12
596,On the Verge of Annihilation! A Deadly Monster Comes Flying In!,Manga Canon,2013-05-19
597,An Intense Battle! Caesar Exercises His True Power!,Manga Canon,2013-05-26
598,A Samurai Who Can Cut Fire! Foxfire Kin'emon!,Manga Canon,2013-06-02
599,Shocking! The True Identity of the Mystery Man Vergo!,Manga Canon,2013-06-09
600,Save the Children! The Master's Evil Hands Close In!,Manga Canon,2013-06-16
601,Shaking up the New World! Caesar's Horrendous Experiment!,Manga Canon,2013-06-23
602,The Deadliest Weapon of Mass Destruction in History! Shinokuni!,Manga Canon,2013-06-30
603,Launching the Counter Attack! Luffy and Law's Great Escape!,Manga Canon,2013-07-07
604,Get to Building R! The Pirate Alliance's Great Advance!,Manga Canon,2013-07-14
605,Tashigi's Tears! G-5's Desperate Breakthrough Plan!,Manga Canon,2013-07-21
606,The Treacherous Vice Admiral! Demon Bamboo Vergo!,Manga Canon,2013-07-28
607,A Fierce Battle Gets Heated! Luffy vs. Caesar!,Manga Canon,2013-08-11
608,A Mastermind Underground! Doflamingo Makes His Move!,Manga Canon,2013-08-18
609,Luffy Dies From Exposure?! The Spine-Chilling Snow Woman Monet!,Manga Canon,2013-08-25
610,Fists Collide! A Battle of the Two Vice Admirals!,Manga Canon,2013-09-01
611,A Small Dragon! Momonosuke Appears!,Manga Canon,2013-09-08
612,A Deadly Fight in a Blizzard! The Straw Hats vs. the Snow Woman!,Manga Canon,2013-09-15
613,Showing Off His Techniques! Zoro's Formidable One-Sword Style!,Manga Canon,2013-09-22
614,To Save Her Friends! Mocha Runs at the Risk of Her Life!,Manga Canon,2013-09-29
615,Brownbeard in Grief! Luffy Lands a Furious Blow!,Manga Canon,2013-10-06
616,A Surprising Outcome! Smoker vs. Vergo!,Manga Canon,2013-10-13
617,Caesar's Defeat! The Powerful Grizzly Magnum!,Manga Canon,2013-10-20
618,Raid! An Assassin From Dressrosa!,Manga Canon,2013-10-27
619,Running Wild! Invincible General Franky!,Manga Canon,2013-11-03
620,A Critical Situation! Punk Hazard Explodes!,Manga Canon,2013-11-10
621,Capture Caesar! General Cannon Blasts!,Manga Canon,2013-11-17
622,A Touching Reunion! Momonosuke and Kin'emon!,Manga Canon,2013-11-24
623,It's Time to Say Goodbye! Leaving Punk Hazard!,Manga Canon,2013-12-01
624,The G-5 Wiped Out! Doflamingo's Sudden Attack!,Manga Canon,2013-12-08
625,Intense! Aokiji vs. Doflamingo!,Mixed Canon/Filler,2013-12-15
626,Caesar Goes Missing! The Pirate Alliance Makes a Sortie!,Filler,2013-12-22
627,Luffy Dies at Sea!? The Pirate Alliance Comes Apart!,Filler,2014-01-05
628,A Major Turnaround! Luffy's Angry Iron Fist Strikes!,Mixed Canon/Filler,2014-01-12
629,Startling! The Big News Shakes up the New World!,Manga Canon,2014-01-19
630,Explore! A Kingdom of Love and Passion Dressrosa!,Manga Canon,2014-01-26
631,Full of Enthusiasm! The Corrida Colosseum,Manga Canon,2014-02-02
632,A Dangerous Love! The Dancer Girl - Violet!,Manga Canon,2014-02-09
633,"A Formidable, Unknown Warrior! Here Comes Lucy!",Mixed Canon/Filler,2014-02-16
634,A Pirate Noble! Cavendish!,Manga Canon,2014-02-23
635,The Fateful Reunion! Bellamy the Hyena!,Manga Canon,2014-03-02
636,A Super Rookie! Bartolomeo the Cannibal!,Manga Canon,2014-03-16
637,Big Names Duke It Out! The Heated Block B Battle!,Manga Canon,2014-03-23
638,A Deadly Blow! The Astonishing King Punch!,Manga Canon,2014-03-30
639,The Fighting Fish Strike! Across the Deadly Iron Bridge!,Manga Canon,2014-04-06
640,Explore! Fairies' Island - Green Bit!,Manga Canon,2014-04-13
641,The Unknown World! The Tontatta Kingdom!,Manga Canon,2014-04-20
642,The Stratagem of the Century! Doflamingo Makes His Move!,Manga Canon,2014-04-27
643,Shaking Heaven and Earth! Admiral Fujitora's Power!,Manga Canon,2014-05-04
644,A Blow of Anger! A Giant vs. Lucy!,Manga Canon,2014-05-11
645,Destruction Cannon Blasts! Lucy in Trouble!,Manga Canon,2014-05-18
646,The Legendary Pirate! Don Chinjao!,Manga Canon,2014-05-25
647,Light and Shadow! Darkness Behind Dressrosa!,Manga Canon,2014-06-01
648,Making a Sortie! The Legendary Hero Usoland!,Manga Canon,2014-06-08
649,The Fierce Battle Coming to the End! Lucy vs. Chinjao!,Manga Canon,2014-06-15
650,Luffy and the Gladiator of Fate - Rebecca!,Manga Canon,2014-06-22
651,Protect You to the End! Rebecca and the Toy Soldier!,Manga Canon,2014-06-29
652,The Last - and Bloodiest - Block! Block D Battle Begins!,Manga Canon,2014-07-06
653,A Decisive Battle! Giolla vs. the Straw Hats!,Mixed Canon/Filler,2014-07-13
654,Beautiful Sword! Cavendish of the White Horse!,Manga Canon,2014-07-20
655,A Big Clash! Sanji vs. Doflamingo,Manga Canon,2014-08-02
656,Rebecca's Special Attack! Last-Ditch Sword Dance!,Manga Canon,2014-08-10
657,The Most Violent Fighter! Logan vs. Rebecca!,Mixed Canon/Filler,2014-08-17
658,A Big Surprise! The True Identity of the Toy Soldier!,Manga Canon,2014-08-24
659,A Horrible Past! The Secret of Dressrosa,Manga Canon,2014-08-31
660,A Nightmare! The Tragic Night of Dressrosa!,Manga Canon,2014-09-07
661,A Showdown Between the Warlords! Law vs. Doflamingo!,Manga Canon,2014-09-14
662,Two Great Rivals Meet Each Other! Straw Hat and Heavenly Demon!,Manga Canon,2014-09-21
663,Luffy Astonished! The Man Who Inherits Ace’s Will!,Manga Canon,2014-09-28
664,Operation SOP Starts! Usoland Charges Forth!,Manga Canon,2014-10-05
665,A Burning Passion! Rebecca vs. Suleiman!,Manga Canon,2014-10-12
666,The End of the Match?! A Surprising Result of Block D!,Manga Canon,2014-10-19
667,The Admiral's Decision! Fujitora vs. Doflamingo!,Manga Canon,2014-10-26
668,The Final Round Starts! Diamante the Hero Shows Up!,Manga Canon,2014-11-02
669,A Moving Castle! The Top Executive Pica Rises Up!,Manga Canon,2014-11-08
670,Dragon Claw Strikes! Lucy's Intimidating Attack!,Manga Canon,2014-11-16
671,Defeat Sugar! The Army of the Little People Charges!,Manga Canon,2014-11-23
672,The Last Light of Hope! The Secret of Our Commander!,Manga Canon,2014-11-30
673,The Rupture Human! Gladius Blows up Big Time!,Manga Canon,2014-12-07
674,A Liar! Usoland on the Run!,Manga Canon,2014-12-14
675,A Fateful Encounter! Kyros and King Riku!,Manga Canon,2014-12-21
676,Operation Failed! Usoland the Hero Dies!?,Manga Canon,2014-12-28
677,The Legend Is Back! Kyros' All-Out Attack!,Manga Canon,2015-01-11
678,The Fire Fist Strikes! The Flare-Flare Fruit Power Returns!,Manga Canon,2015-01-18
679,"Dashing Onto the Scene! The Chief of Staff of the Revolutionary Army, Sabo!",Mixed Canon/Filler,2015-01-25
680,The Devil's Trap! A Dressrosa Extermination Plan!,Manga Canon,2015-02-01
681,The 500 Million Berry Man! Target: Usoland!,Manga Canon,2015-02-07
682,Breaking Through Enemy Lines! Luffy and Zoro Launch the Counter-Attack!,Manga Canon,2015-02-14
683,With a Rumbling of the Ground! The God of Destruction - Giant Pica Descends!,Manga Canon,2015-02-21
684,Gathering Into a Powerful Front! Luffy and a Group of Brutal Warriors!,Manga Canon,2015-02-28
685,Steady Progress! Luffy's Army vs. Pica!,Manga Canon,2015-03-07
686,A Shocking Confession! Law’s Soulful Vow!,Manga Canon,2015-03-14
687,A Big Collision! Chief of Staff - Sabo vs. Admiral Fujitora!,Manga Canon,2015-03-21
688,A Desperate Situation! Luffy Gets Caught in a Trap!,Manga Canon,2015-03-28
689,A Great Escape! Luffy's Tide-Turning Elephant Gun!,Manga Canon,2015-04-04
690,A United Front! Luffy's Breakthrough to the Victory!,Mixed Canon/Filler,2015-04-11
691,The Second Samurai! Evening Shower Kanjuro Appears,Manga Canon,2015-04-18
692,A Hard-Fought Battle Against Pica! Zoro's Deadly Attack!,Manga Canon,2015-05-10
693,The Little People's Princess! Captive Mansherry!,Manga Canon,2015-05-17
694,Invincible! A Gruesome Army of Headcracker Dolls!,Manga Canon,2015-05-24
695,Risking Their Lives! Luffy Is the Trump Card for Victory!,Manga Canon,2015-05-31
696,A Tearful Reunion! Rebecca and Kyros!,Manga Canon,2015-06-07
697,One Shot One Kill! The Man Who Will Save Dressrosa!,Manga Canon,2015-06-14
698,Anger Erupts! Luffy and Law's Ultimate Stratagem!,Manga Canon,2015-06-21
699,A Noble Family! The True Identity of Doflamingo!,Manga Canon,2015-06-28
700,The Ultimate Power! The Secret of the Op-Op Fruit!,Manga Canon,2015-07-05
701,Sad Memories! Law the Boy From the White Town!,Manga Canon,2015-07-12
702,A Celestial Dragon! Doffy's Stormy Past,Manga Canon,2015-07-19
703,A Rocky Road! Law and Corazon's Journey of Life!,Manga Canon,2015-08-02
704,The Time Is Ticking Down! Seize the Op-Op Fruit!,Manga Canon,2015-08-09
705,The Moment of Resolution! Corazon's Farewell Smile!,Manga Canon,2015-08-16
706,"Advance, Law! The Kindhearted Man's Final Fight!",Manga Canon,2015-08-23
707,To Be Free! Law's Injection Shot Blasts!,Manga Canon,2015-08-30
708,An Intense Battle! Law vs. Doflamingo!,Manga Canon,2015-09-06
709,A Decisive Battle Against the Executives! Proud Hajrudin!,Manga Canon,2015-09-13
710,The Battle of Love! The New Leader Sai vs. Baby 5!,Manga Canon,2015-09-20
711,The Man's Pride! Bellamy's Last Charge!,Manga Canon,2015-09-27
712,A Strong Wind and a Surge! Hakuba vs. Dellinger!,Manga Canon,2015-10-04
713,Barrier-Barrier! Homage God Fist Strikes!,Manga Canon,2015-10-11
714,The Healing Princess! Save Mansherry!,Manga Canon,2015-10-18
715,The Manly Duel! Señor's Elegy of Love!,Manga Canon,2015-10-25
716,Stardust of Death! Diamante's Storm of Vicious Attacks!,Manga Canon,2015-11-01
717,Trueno Bastardo! Kyros' Furious Strike!,Manga Canon,2015-11-08
718,Moving Across the Ground! The Giant Statue Pica's Surprise Maneuver!,Manga Canon,2015-11-15
719,A Decisive Battle in Midair! Zoro's New Special Secret Technique Blasts!,Manga Canon,2015-11-22
720,So Long! Bellamy's Farewell Blow!,Manga Canon,2015-11-29
721,Law Dies! Luffy's Raging Onslaught!,Manga Canon,2015-12-06
722,A Blade of Tenacity! The Gamma Knife Counterattack!,Manga Canon,2015-12-13
723,A Collision of Haki! Luffy vs. Doflamingo!,Manga Canon,2015-12-20
724,Unassailable! The Stunning Secret of Trebol!,Manga Canon,2015-12-27
725,Anger Erupts! I Will Take Everything Upon Myself!,Manga Canon,2016-01-10
726,Fourth Gear! The Phenomenal Bounce-Man!,Manga Canon,2016-01-17
727,A Massive Counterattack! Doflamingo's Awakening!,Manga Canon,2016-01-24
728,Luffy! An All-Out Leo Bazooka!,Manga Canon,2016-01-31
729,Flame Dragon King! Protect Luffy's Life!,Manga Canon,2016-02-14
730,Tears of Miracles! Mansherry's Fight!,Manga Canon,2016-02-21
731,As Long as We Breathe! Stop the Deadly Birdcage!,Mixed Canon/Filler,2016-02-28
732,Dead or Alive! A Fateful Countdown!,Manga Canon,2016-03-06
733,Attack on a Celestial! Luffy's King Kong Gun of Anger!,Manga Canon,2016-03-20
734,To Be Free! Dressrosa's Delight!,Manga Canon,2016-03-27
735,The Unheard-Of! Admiral Fujitora's Surprising Decision!,Manga Canon,2016-04-03
736,Sending a Shock Wave! The Worst Generation Goes Into Action!,Manga Canon,2016-04-10
737,The Birth of the Legend! The Adventures of the Revolutionary Warrior Sabo!,Anime Canon,2016-04-17
738,The Brothers' Bond! The Untold Story Behind Luffy and Sabo's Reunion!,Mixed Canon/Filler,2016-04-24
739,"The Strongest Creature! One of the Four Emperors - Kaido, King of the Beasts!",Manga Canon,2016-05-01
740,Fujitora Takes Action! The Complete Siege of the Straw Hats!,Manga Canon,2016-05-08
741,A State of Emergency! Rebecca Is Kidnapped!,Manga Canon,2016-05-15
742,The Bond Between Father and Daughter! Kyros and Rebecca!,Manga Canon,2016-05-22
743,"Men's Pride! Luffy vs. Fujitora, Head-to-Head!",Manga Canon,2016-05-29
744,No Way Out! Admiral Fujitora's Ruthless Pursuit!,Manga Canon,2016-06-05
745,Sons' Cups! Straw Hat Fleet Is Formed!,Manga Canon,2016-06-12
746,The Numerous Rivals Struggle Amongst Themselves! The Raging Monsters of the New World,Manga Canon,2016-06-19
747,The Silver Fortress! Luffy and Barto's Great Adventure!,Filler,2016-06-26
748,An Underground Maze! Luffy vs. the Tram Human!,Filler,2016-07-03
749,The Sword Technique Heats Up! Law and Zoro Finally Appear!,Filler,2016-07-10
750,A Desperate Situation! Luffy Fights a Battle in Extreme Heat!,Filler,2016-07-17
751,"Curtain-up on a New Adventure! Arriving at the Phantom Island, Zou!",Mixed Canon/Filler,2016-07-31
752,The New Warlord! The Legendary Whitebeard's Son Appears!,Manga Canon,2016-08-07
753,A Deadly Elephant Climb! A Great Adventure on the Back of the Giant Elephant!,Manga Canon,2016-08-21
754,A Battle Begins! Luffy vs. the Mink Tribe!,Manga Canon,2016-08-28
755,Garchu! The Straw Hats Reunite!,Manga Canon,2016-09-04
756,Start to Counterattack! Great Moves by the Twirly Hat Crew!,Manga Canon,2016-09-11
757,"A Threat Descends! The Beast Pirates, Jack!",Manga Canon,2016-09-25
758,The King of the Day! Duke Dogstorm Appears!,Manga Canon,2016-10-02
759,The King of the Night! Master Cat Viper Emerges!,Manga Canon,2016-10-09
760,The Exterminated Capital! The Twirly Hat Crew Arrive!,Manga Canon,2016-10-16
761,The Time Limit Closes In! The Bond Between the Mink Tribe and the Crew!,Manga Canon,2016-10-23
762,The Delinquent Comes Home! Emperor Big Mom's Assassins!,Manga Canon,2016-10-30
763,The Truth Behind the Disappearance! Sanji Gets a Startling Invitation!,Manga Canon,2016-11-06
764,To My Buds! Sanji's Farewell Note!,Manga Canon,2016-11-13
765,Let's Go and Meet Master Cat Viper!,Manga Canon,2016-11-20
766,Luffy's Decision! Sanji on the Brink of Quitting!,Manga Canon,2016-11-27
767,A Volatile Situation! The Dog and the Cat and the Samurai,Manga Canon,2016-12-04
768,"The Third One! Raizo of the Mist, the Ninja, Appears!",Manga Canon,2016-12-11
769,A Red Stone! A Guide to the One Piece!,Manga Canon,2016-12-18
770,The Secret of the Land of Wano! The Kozuki Family and the Poneglyphs!,Manga Canon,2016-12-25
771,A Vow Between Two Men! Luffy and Kozuki Momonosuke!,Manga Canon,2017-01-08
772,The Legendary Journey! The Dog and the Cat and the Pirate King!,Manga Canon,2017-01-15
773,The Nightmare Returns! The Invincible Jack's Fierce Attack!,Manga Canon,2017-01-22
774,A Battle to Defend Zou! Luffy and Zunesha!,Manga Canon,2017-01-29
775,Save Zunesha! The Straw Hat's Rescue Operation!,Anime Canon,2017-02-05
776,Saying Goodbye and Descending From the Elephant! Setting Out to Take Back Sanji!,Manga Canon,2017-02-12
777,To the Reverie! Princess Vivi and Princess Shirahoshi!,Mixed Canon/Filler,2017-02-19
778,To the Reverie! Rebecca and the Sakura Kingdom!,Mixed Canon/Filler,2017-02-26
779,Kaido Returns! An Imminent Threat to the Worst Generation!,Manga Canon,2017-03-05
780,A Hungry Front! Luffy and the Navy Rookies!,Filler,2017-03-19
781,The Implacable Three! A Big Chase After the Straw Hats!,Filler,2017-03-26
782,The Devil's Fist! A Show Down! Luffy vs. Grount!,Filler,2017-04-02
783,Sanji's Homecoming! Into Big Mom's Territory!,Manga Canon,2017-04-09
784,Zero and Four! Encountering Germa 66!,Manga Canon,2017-04-16
785,A Deadly Poison Crisis! Luffy and Reiju!,Manga Canon,2017-04-23
786,Totto Land! Emperor Big Mom Appears!,Manga Canon,2017-04-30
787,The Emperor's Daughter! Sanji's Fiancée - Pudding!,Manga Canon,2017-05-07
788,A Massive Attack! Mom's Hunger Pangs!,Manga Canon,2017-05-14
789,The Capital City Falls?! Big Mom and Jimbei,Mixed Canon/Filler,2017-05-21
790,The Emperor's Castle! Arriving at the Whole Cake Island!,Manga Canon,2017-05-28
791,A Mysterious Forest Full of Candies! Luffy vs. Luffy?!,Manga Canon,2017-06-04
792,Mom's Assassin! Luffy and the Seducing Woods!,Manga Canon,2017-06-11
793,A Seafaring Kingdom! Germa's King Judge!,Manga Canon,2017-06-18
794,A Battle Between Father and Son! Judge vs. Sanji!,Manga Canon,2017-06-25
795,A Giant Ambition! Big Mom and Caesar!,Manga Canon,2017-07-02
796,The Land of Souls! Mom’s Fatal Ability!,Manga Canon,2017-07-09
797,A Top Officer! The Sweet 3 General Cracker Appears!,Manga Canon,2017-07-16
798,An Enemy Worth 800 Million! Luffy vs. Thousand Armed Cracker!,Manga Canon,2017-07-23
799,An All-Out Duel! Gear Four vs. the Bis-Bis Ability!,Manga Canon,2017-07-30
800,The First and the Second Join! The Vinsmoke Family,Manga Canon,2017-08-06
801,The Benefactor's Life! Sanji and Owner Zeff!,Manga Canon,2017-08-13
802,An Angry Sanji! The Secret of Germa 66!,Manga Canon,2017-08-20
803,The Past That He Let Go Of! Vinsmoke Sanji!,Mixed Canon/Filler,2017-08-27
804,To the East Blue! Sanji's Resolute Departure!,Manga Canon,2017-09-03
805,A Battle of Limits! Luffy and the Infinite Biscuits!,Manga Canon,2017-09-17
806,The Power of Satiety! A New Gear Four Form - Tank Man!,Manga Canon,2017-09-24
807,A Heartbreaking Duel! Luffy vs. Sanji! - Part 1,Mixed Canon/Filler,2017-10-01
808,A Heartbreaking Duel! Luffy vs. Sanji! - Part 2,Manga Canon,2017-10-01
809,A Storm of Revenge! An Enraged Army Comes to Attack!,Manga Canon,2017-10-15
810,The End of the Adventure! Sanji's Resolute Proposal!,Manga Canon,2017-10-22
811,I'll Wait Here! Luffy vs. the Enraged Army!,Manga Canon,2017-10-29
812,Invading the Chateau! Reach the Road Ponegliff!,Manga Canon,2017-11-05
813,A Fateful Confrontation! Luffy and Big Mom!,Manga Canon,2017-11-12
814,Shout of the Soul! Brook and Pedro's Lightning Operation!,Manga Canon,2017-11-19
815,Goodbye! Pudding's Tearful Determination!,Manga Canon,2017-11-26
816,The History of the Left Eye! Pedro vs. Baron Tamago!,Manga Canon,2017-12-03
817,Moist Cigarette! The Night Before Sanji's Wedding!,Manga Canon,2017-12-10
818,The Undaunted Soul! Brook vs. Big Mom!,Manga Canon,2017-12-17
819,Sora's Wish! Germa's Failure - Sanji!,Manga Canon,2017-12-24
820,To Reach Sanji! Luffy's Vengeful Hell-Bent Dash!,Manga Canon,2018-01-07
821,"The Chateau in Turmoil! Luffy, to the Rendezvous!",Manga Canon,2018-01-14
822,Deciding to Say Goodbye! Sanji and His Straw Hat Bento!,Manga Canon,2018-01-21
823,The Emperor Rolls Over! Rescue Brook Mission!,Manga Canon,2018-01-28
824,"The Rendezvous! Luffy, a One-on-One at His Limit!",Manga Canon,2018-02-04
825,A Liar! Luffy and Sanji!!,Manga Canon,2018-02-11
826,Sanji Comes Back! Crash! The Tea Party From Hell!,Manga Canon,2018-02-18
827,A Secret Meeting! Luffy vs. the Fire Tank Pirates!,Manga Canon,2018-03-04
828,The Deadly Pact! Luffy & Bege's Allied Forces!,Manga Canon,2018-03-18
829,Luffy Engages in a Secret Maneuver! The Wedding Full of Conspiracies Starts Soon!,Manga Canon,2018-03-25
830,The Family Gets Together! The Hellish Tea Party Starts!,Manga Canon,2018-04-01
831,The Broken Couple! Sanji and Pudding Enter!,Manga Canon,2018-04-08
832,A Deadly Kiss! The Mission to Assassinate the Emperor Kicks Off!,Manga Canon,2018-04-15
833,Returning the Sake Cup! The Manly Jimbei Pays His Debt!,Manga Canon,2018-04-22
834,The Mission Failed?! The Big Mom Pirates Strike Back!,Manga Canon,2018-04-29
835,"Run, Sanji! SOS! Germa 66!",Manga Canon,2018-05-06
836,Mom's Secret! The Giant's Island Elbaph and a Little Monster!,Manga Canon,2018-05-13
837,The Birth of Mom! The Day That Carmel Vanished!,Manga Canon,2018-05-20
838,The Launcher Blasts! The Moment of Big Mom's Assassination!,Manga Canon,2018-05-27
839,The Evil Army! Transform! Germa 66!,Manga Canon,2018-06-03
840,Cutting the Father-Son Relationship! Sanji and Judge!,Manga Canon,2018-06-10
841,Escape From the Tea Party! Luffy vs. Big Mom!,Manga Canon,2018-06-17
842,The Execution Begins! Luffy's Allied Forces Are Annihilated?!,Manga Canon,2018-06-24
843,The Chateau Collapses! The Straw Hat's Great Escape Begins!,Manga Canon,2018-07-01
844,The Spear of Elbaph! Onslaught! The Flying Big Mom!,Manga Canon,2018-07-08
845,Pudding's Determination! Ablaze! The Seducing Woods!,Manga Canon,2018-07-15
846,A Lightning Counterattack! Nami and Zeus the Thundercloud!,Manga Canon,2018-07-22
847,A Coincidental Reunion! Sanji and the Lovestruck Evil Pudding!,Manga Canon,2018-07-29
848,Save the Sunny! Fighting Bravely! Chopper and Brook!,Manga Canon,2018-08-05
849,"Before the Dawn! Pedro, the Captain of the Guardians!",Manga Canon,2018-08-12
850,"I'll Be Back! Luffy, Deadly Departure!",Manga Canon,2018-08-19
851,"The Man With a Bounty of Billion! The Strongest Sweet General, Katakuri!",Manga Canon,2018-08-26
852,A Hard Battle Starts! Luffy vs. Katakuri!,Manga Canon,2018-09-02
853,"The Green Room! An Invincible Helmsman, Jimbei!",Manga Canon,2018-09-16
854,The Threat of the Mole! Luffy's Silent Fight!,Manga Canon,2018-09-23
855,The End of the Deadly Battle?! Katakuri's Awakening in Anger!,Manga Canon,2018-09-30
856,The Forbidden Secret! Katakuri's Merienda!,Manga Canon,2018-10-07
857,Luffy Fights Back! The Invincible Katakuri's Weak Point!,Manga Canon,2018-10-14
858,Another Crisis! Gear Four vs. Unstoppable Donuts!,Manga Canon,2018-10-21
859,"The Rebellious Daughter, Chiffon! Sanji's Big Plan for Transporting the Cake!",Manga Canon,2018-10-28
860,A Man's Way of Life! Bege and Luffy's Determination as Captains!,Manga Canon,2018-11-04
861,The Cake Sank?! Sanji and Bege's Getaway Battle!,Manga Canon,2018-11-11
862,Sulong! Carrot's Big Mystic Transformation!,Manga Canon,2018-11-18
863,Break Through! The Straw Hats' Mighty Sea Battle!,Manga Canon,2018-11-25
864,"Finally, the Clash! The Emperor of the Sea vs. the Straw Hats!",Manga Canon,2018-12-09
865,Dark King's Direct Precepts! The Battle Against Katakuri Turns Around!,Manga Canon,2018-12-16
866,"Finally He Returns! Sanji, the Man Who'll Stop the Emperor of the Sea!",Manga Canon,2018-12-23
867,Lurking in the Darkness! An Assassin Targeting Luffy!,Manga Canon,2019-01-06
868,One Man's Determination! Katakuri's Deadly Big Fight!,Manga Canon,2019-01-13
869,Wake Up! The Color of Observation Able To Top the Strongest!,Manga Canon,2019-01-20
870,A Fist of Divine Speed! Another Gear Four Application Activated!,Manga Canon,2019-01-27
871,"Finally, It's Over! The Climax of the Intense Fight Against Katakuri!",Manga Canon,2019-02-03
872,A Desperate Situation! The Iron-Tight Entrapment of Luffy!,Manga Canon,2019-02-10
873,Pulling Back From the Brink! The Formidable Reinforcements - Germa!,Manga Canon,2019-02-17
874,The Last Hope! The Sun Pirates Emerge!,Manga Canon,2019-02-24
875,A Captivating Flavor! Sanji's Cake of Happiness!,Manga Canon,2019-03-03
876,"The Man of Humanity and Justice! Jimbei, a Desperate Massive Ocean Current",Manga Canon,2019-03-17
877,The Parting Time! Pudding's Last Wish!,Manga Canon,2019-03-24
878,The World in Shock! The Fifth Emperor of the Sea Arrives!,Mixed Canon/Filler,2019-03-31
879,To the Reverie! The Straw Hats' Sworn Allies Come Together!,Mixed Canon/Filler,2019-04-07
880,Sabo Goes Into Action! All the Captains of the Revolutionary Army Appear!,Manga Canon,2019-04-14
881,Going Into Action! The Implacable New Admiral of the Fleet - Sakazuki!,Mixed Canon/Filler,2019-04-21
882,The Paramount War! The Inherited Will of the King of the Pirates!,Mixed Canon/Filler,2019-04-28
883,One Step Forward for Her Dream! Shirahoshi Goes Out in the Sun!,Mixed Canon/Filler,2019-05-05
884,I Miss Him! Vivi and Rebecca's Sentiments!,Mixed Canon/Filler,2019-05-12
885,In the Dark Recesses of the Holyland! A Mysterious Giant Straw Hat!,Mixed Canon/Filler,2019-05-19
886,The Holyland in Tumult! The Targeted Princess Shirahoshi!,Manga Canon,2019-05-26
887,An Explosive Situation! Two Emperors of the Sea Going After Luffy!,Mixed Canon/Filler,2019-06-02
888,Sabo Enraged! The Tragedy of the Revolutionary Army Officer Kuma!,Mixed Canon/Filler,2019-06-09
889,"Finally, It Starts! The Conspiracy-Filled Reverie!",Mixed Canon/Filler,2019-06-16
890,Marco! The Keeper of Whitebeard's Last Memento!,Mixed Canon/Filler,2019-06-23
891,Climbing up a Waterfall! A Great Journey Through the Land of Wano's Sea Zone!,Manga Canon,2019-06-30
892,The Land of Wano! To the Samurai Country Where Cherry Blossoms Flutter!,Manga Canon,2019-07-07
893,Otama Appears! Luffy vs. Kaido's Army!,Manga Canon,2019-07-14
894,He'll Come! The Legend of Ace in the Land of Wano!,Manga Canon,2019-07-21
895,"Side Story! The World's Greatest Bounty Hunter, Cidre!",Filler,2019-07-28
896,Side Story! Clash! Luffy vs. the King of Carbonation!,Filler,2019-08-04
897,"Save Otama! Straw Hat, Bounding Through the Wasteland!",Manga Canon,2019-08-11
898,The Headliner! Hawkins the Magician Appears!,Manga Canon,2019-08-18
899,Defeat Is Inevitable! The Strawman's Fierce Attack!,Manga Canon,2019-08-25
900,The Greatest Day of My Life! Otama and Her Sweet Red-Bean Soup!,Manga Canon,2019-09-01
901,Charging Into the Enemy's Territory! Bakura Town - Where Officials Thrive!,Manga Canon,2019-09-08
902,The Yokozuna Appears! The Invincible Urashima Goes After Okiku!,Manga Canon,2019-09-15
903,A Climatic Sumo Battle! Straw Hat vs. the Strongest Ever Yokozuna!,Manga Canon,2019-09-22
904,Luffy Rages! Rescue Otama From Danger!,Manga Canon,2019-09-29
905,Taking Back Otama! A Fierce Fight Against Holdem!,Manga Canon,2019-10-06
906,Duel! The Magician and the Surgeon of Death!,Manga Canon,2019-10-13
907,20th Anniversary Special! Romance Dawn,Filler,2019-10-20
908,The Coming of the Treasure Ship! Luffytaro Returns the Favor!,Manga Canon,2019-10-27
909,Mysterious Grave Markers! A Reunion at the Ruins of Oden Castle!,Manga Canon,2019-11-10
910,A Legendary Samurai! The Man Who Roger Admired!,Manga Canon,2019-11-17
911,Bringing Down the Emperor of the Sea! A Secret Raid Operation Begins!,Manga Canon,2019-11-24
912,"The Strongest Man in the World! Shutenmaru, the Thieves Brigade Chief!",Manga Canon,2019-12-01
913,Everyone Is Annihilated! Kaido's Furious Blast Breath!,Manga Canon,2019-12-08
914,Finally Clashing! The Ferocious Luffy vs. Kaido!,Manga Canon,2019-12-15
915,"Destructive! One Shot, One Kill - Thunder Bagua!",Manga Canon,2019-12-22
916,"A Living Hell! Luffy, Humiliated in the Great Mine!",Manga Canon,2020-01-05
917,The Holyland in Tumult! Emperor of the Sea Blackbeard Cackles!,Manga Canon,2020-01-12
918,It's On! The Special Operation To Bring Down Kaido!,Manga Canon,2020-01-19
919,Rampage! The Prisoners - Luffy and Kid!,Manga Canon,2020-01-26
920,A Great Sensation! Sanji's Special Soba!,Manga Canon,2020-02-02
921,Luxurious and Gorgeous! Wano's Most Beautiful Woman - Komurasaki!,Manga Canon,2020-02-09
922,A Tale of Chivalry! Zoro and Tonoyasu's Little Trip!,Manga Canon,2020-02-16
923,A State of Emergency! Big Mom Closes In!,Manga Canon,2020-02-23
924,The Capital in an Uproar! Another Assassin Targets Sanji!,Mixed Canon/Filler,2020-03-15
925,Dashing! The Righteous Soba Mask!,Manga Canon,2020-03-22
926,A Desperate Situation! Orochi's Menacing Oniwabanshu!,Manga Canon,2020-03-29
927,"Pandemonium! The Monster Snake, Shogun Orochi!",Manga Canon,2020-04-05
928,The Flower Falls! The Final Moment of the Most Beautiful Woman in the Land of Wano!,Manga Canon,2020-04-12
929,The Bond Between Prisoners! Luffy and Old Man Hyo!,Manga Canon,2020-04-19
930,A Lead Performer! Queen the Plague Emerges!,Manga Canon,2020-06-28
931,Climb Up! Luffy's Desperate Escape!,Manga Canon,2020-07-05
932,Dead or Alive! Queen's Sumo Inferno!,Manga Canon,2020-07-12
933,Gyukimaru! Zoro Fights a Duel on Bandit's Bridge!,Manga Canon,2020-07-19
934,A Big Turnover! The Three-Sword Style Overcomes Danger!,Manga Canon,2020-07-26
935,"Zoro, Stunned! The Shocking Identity of the Mysterious Woman!",Manga Canon,2020-08-02
936,Get the Hang of It! The Land of Wano's Haki - Ryuo!,Manga Canon,2020-08-09
937,Tonoyasu! Ebisu Town's Most Loved!,Manga Canon,2020-08-16
938,Shaking the Nation! The Identity of Ushimitsu Kozo the Chivalrous Thief!,Manga Canon,2020-08-23
939,The Straw Hats Run! Save the Captive Tonoyasu!,Manga Canon,2020-08-30
940,Zoro's Fury! The Truth About the Smile!,Manga Canon,2020-09-06
941,Toko's Tears! Orochi's Pitiless Bullets!,Manga Canon,2020-09-13
942,The Straw Hats Step In! An Uproarious Deadly Battle at the Execution Ground!,Manga Canon,2020-09-20
943,Luffy's Determination! Win Through the Sumo Inferno!,Manga Canon,2020-09-27
944,The Storm Has Come! A Raging Big Mom!,Manga Canon,2020-10-04
945,A Grudge Over Red-bean Soup! Luffy Gets Into a Desperate Situation!,Manga Canon,2020-10-11
946,Stop the Emperor of the Sea! Queen's Secret Plan!,Manga Canon,2020-10-18
947,Brutal Ammunition! The Plague Rounds Aim At Luffy!,Manga Canon,2020-10-25
948,Start Fighting Back! Luffy and the Akazaya Samurai!,Manga Canon,2020-11-01
949,We're Here To Win! Luffy's Desperate Scream!,Manga Canon,2020-11-08
950,Warriors' Dream! Luffy's Conquer of Udon!,Manga Canon,2020-11-15
951,Orochi's Hunting Party! The Ninja Group vs. Zoro!,Manga Canon,2020-11-22
952,Tension Rises in Onigashima! Two Emperors of the Sea Meet?!,Manga Canon,2020-11-29
953,Hiyori's Confession! A Reunion at Bandit's Bridge!,Manga Canon,2020-12-06
954,Its Name Is Enma! Oden’s Great Swords!,Manga Canon,2020-12-13
955,A New Alliance?! Kaido's Army Gathers!,Manga Canon,2020-12-20
956,Ticking Down to the Great Battle! The Straw Hats Go Into Combat Mode!,Manga Canon,2020-12-27
957,Big News! An Incident That Will Affect the Seven Warlords!,Manga Canon,2021-01-10
958,A Legendary Battle! Garp and Roger!,Manga Canon,2021-01-17
959,The Rendezvous Port! The Land of Wano Act Three Begins!,Manga Canon,2021-01-24
960,The Number-One Samurai in the Land of Wano! Here Comes Kozuki Oden!,Manga Canon,2021-01-31
961,Tearfully Swearing Allegiance! Oden and Kin'emon!,Manga Canon,2021-02-07
962,Changing Destiny! The Whitebeard Pirates Cast Ashore!,Manga Canon,2021-02-14
963,Oden's Determination! Whitebeard's Test!,Manga Canon,2021-02-21
964,Whitebeard's Little Brother! Oden's Great Adventure!,Manga Canon,2021-02-28
965,Crossing Swords! Roger and Whitebeard!,Manga Canon,2021-03-07
966,Roger's Wish! A New Journey!,Manga Canon,2021-03-21
967,Devoting His Life! Roger's Adventure!,Manga Canon,2021-03-28
968,The King of the Pirates Is Born! Arriving at the Last Island!,Manga Canon,2021-04-04
969,To the Land of Wano! The Roger Pirates Disband!,Manga Canon,2021-04-11
970,Sad News! The Opening of the Great Pirate Era!,Manga Canon,2021-04-18
971,Raid! Oden and the Akazaya Nine!,Manga Canon,2021-04-25
972,The End of the Battle! Oden vs. Kaido!,Manga Canon,2021-05-02
973,Boiled to Death! Oden's One-hour Struggle!,Manga Canon,2021-05-09
974,Oden Wouldn’t Be Oden if It Wasn’t Boiled!,Manga Canon,2021-05-16
975,The Castle on Fire! The Fate of the Kozuki Clan!,Manga Canon,2021-05-23
976,Back to the Present Day! 20 Years Later!,Manga Canon,2021-05-30
977,The Sea Is for Pirates! Raid! To Onigashima!,Manga Canon,2021-06-06
978,The Worst Generation Charges In! The Battle of the Stormy Sea!,Manga Canon,2021-06-13
979,Good Luck?! Leader Kin'emon's Plot!,Manga Canon,2021-06-20
980,A Tearful Promise! The Kidnapped Momonosuke!,Manga Canon,2021-06-27
981,A New Member! 'First Son of the Sea’ Jimbei!,Manga Canon,2021-07-04
982,Kaido’s Trump Card! The Tobi Roppo Appear!,Manga Canon,2021-07-11
983,The Samurai Warriors’ Earnestness! The Straw Hats Land at Onigashima!,Manga Canon,2021-07-18
984,Luffy Goes Out of Control?! Sneaking Into Kaido’s Banquet!,Manga Canon,2021-07-25
985,Thinking of Otama! Luffy's Furious Strike!,Manga Canon,2021-08-01
986,Fighting Music! An Ability That Harms Luffy!,Manga Canon,2021-08-08
987,His Dream Broken?! The Trap That Lures Sanji!,Manga Canon,2021-08-15
988,Reinforcements Arrive! The Commander of the Whitebeard Pirates!,Mixed Canon/Filler,2021-08-22
989,The Pact Between Men! The Fierce Fighting of Brachio Tank!,Mixed Canon/Filler,2021-08-29
990,Thunder Bagua! Here Comes Kaido's Son!,Manga Canon,2021-09-05
991,Enemy or Ally? Luffy and Yamato!,Mixed Canon/Filler,2021-09-12
992,Desire To Be Oden! Yamato’s Dream!,Manga Canon,2021-09-19
993,Explosive?! The Handcuffs That Shackle Yamato’s Freedom!,Manga Canon,2021-09-26
994,The Akazaya Face-off! Kikunojo vs. Kanjuro!,Manga Canon,2021-10-03
995,Raid! Inheriting Oden's Will,Manga Canon,2021-10-10
996,Onigashima in Tumult! Luffy’s All-out War Begins!,Manga Canon,2021-10-24
997,"The Battle Under the Moon! The Berserker, Sulong the Moon Lion!",Manga Canon,2021-10-31
998,Zeus' Treason?! The Cornered Nami!,Manga Canon,2021-11-07
999,I'll Protect You! Yamato Meets Momonosuke!,Manga Canon,2021-11-14
1000,Overwhelming Strength! The Straw Hats Come Together!,Manga Canon,2021-11-21
1001,A Risky Invitation! A Plot to Eliminate Queen!,Manga Canon,2021-11-28
1002,A New Rivalry! Nami and Ulti!,Manga Canon,2021-12-05
1003,"A Heroic Blade! Akazaya vs. Kaido, Again Once More!",Manga Canon,2021-12-12
1004, An Inherited Technique! Unleashing Oden's Secret Swordplay!,Manga Canon,2021-12-19
1005,The Power of the Ice Oni! A New Version of the Plague Rounds!,Manga Canon,2022-01-09
1006, I Won't Forgive Him! Chopper's Determination!,Manga Canon,2022-01-16
1007,Zoro's Pursuit! Ice Oni Tag!,Manga Canon,2022-01-23
1008,Nami Surrenders?! Ulti's Fierce Headbutt!,Manga Canon,2022-01-30
1009,Sasaki's Onslaught! Armored Division vs. Yamato!,Manga Canon,2022-02-06
1010, Eliminate the Ice Oni! Chopper's Fire Trick!,Manga Canon,2022-02-13
1011,It's Not Okay! The Spider Lures Sanji!,Manga Canon,2022-02-20
1012,A Turnaround Move! The Flames of Marco the Phoenix!,Manga Canon,2022-02-27
1013,Yamato's Past! The Man Who Came for an Emperor of the Sea!,Manga Canon,2022-03-06
1014,Marco's Tears! The Bond of the Whitebeard Pirates!,Manga Canon,2022-04-17
1015,Straw Hat Luffy! The Man Who Will Become the King of the Pirates!,Manga Canon,2022-04-24
1016,The Battle of the Monsters! The Three Stubborn Captains!,Manga Canon,2022-05-08
1017,A Barrage of Powerful Techniques! The Fierce Attacks of the Worst Generation!,Manga Canon,2022-05-15
1018,Kaido Laughs! The Emperors of the Sea vs. New Generation!,Manga Canon,2022-05-22
1019,Otama's Secret Plan! Operation Kibi Dango!,Manga Canon,2022-05-29
1020,Sanji's Scream! An SOS Echoes Over the Island!,Manga Canon,2022-06-05
1021,Spank Strikes! Sanji's Woman-trouble!,Manga Canon,2022-06-12
1022,"No Regrets! Luffy and Boss, a Master-Disciple Bond!",Manga Canon,2022-06-19
1023,All Set! Chopperhage Nebulizer!,Manga Canon,2022-07-03
1024,Oden Appears! The Confused Hearts of the Akazaya Members!,Manga Canon,2022-07-10
1025,The Worst Generation Gets Wiped Out?! The Emperors' Deadly Attack!,Manga Canon,2022-07-17
1026,The Supernovas Strike Back! The Mission to Tear Apart the Four Emperors!,Manga Canon,2022-07-24
1027,Defend Luffy! Zoro and Law's Sword Technique!,Manga Canon,2022-07-31
1028,Surpass the Emperor of the Sea! Luffy Strikes Back with an Iron Fist!,Manga Canon,2022-08-07
1029,A Faint Memory! Luffy and Red-Haired's Daughter Uta!,Filler,2022-08-14
1030,A Pledge for the New Genesis! Luffy and Uta!,Filler,2022-08-21
1031,Nami Screams! A Deadly Death Race!,Manga Canon,2022-09-04
1032,The Dawn of the Land of Wano - The All-Out Battle Heats Up!,Manga Canon,2022-09-11
1033," The Conclusion! Luffy, Accelerating Fist of the Supreme King",Manga Canon,2022-09-18
1034,Luffy Defeated! The Straw Hats in Jeopardy?!,Manga Canon,2022-09-25
1035,The Animal Kingdom Pirates Trample Down! The End of the Kozuki Clan!,Manga Canon,2022-10-02
